cluster,latitude,longitude,recency_danger_metric,danger_metric,danger_metric_trajectory,n_serious,n_fatal,danger_rank,gmaps_link
69,51.52217425,-0.10620704166666667,25.97693010682228,26,0.010389610389610393,23,1,1.0,http://maps.google.com/maps?z=12&t=m&q=loc:51.52217425+-0.10620704166666667
53,51.49511255,-0.10073175000000001,22.74567904102103,22,-0.0090909090909091,19,1,2.0,http://maps.google.com/maps?z=12&t=m&q=loc:51.49511255+-0.10073175000000001
235,51.504796444444445,-0.11365616666666667,21.13971935679059,18,0.09350649350649351,18,0,3.0,http://maps.google.com/maps?z=12&t=m&q=loc:51.504796444444445+-0.11365616666666667
22,51.51912957142857,-0.1207527142857143,20.179125908854168,20,-0.007792207792207792,11,3,4.0,http://maps.google.com/maps?z=12&t=m&q=loc:51.51912957142857+-0.1207527142857143
211,51.51409723076923,-0.10441784615384615,19.01339633480703,17,0.04155844155844157,11,2,5.0,http://maps.google.com/maps?z=12&t=m&q=loc:51.51409723076923+-0.10441784615384615
311,51.52315025,-0.077548875,17.732214049329343,16,0.035064935064935056,16,0,6.0,http://maps.google.com/maps?z=12&t=m&q=loc:51.52315025+-0.077548875
314,51.52958377777778,-0.014215444444444444,17.01473497257115,15,0.03766233766233767,6,3,7.0,http://maps.google.com/maps?z=12&t=m&q=loc:51.52958377777778+-0.014215444444444444
427,51.515100800000006,-0.0720914,16.508553641272457,14,0.06233766233766234,8,2,8.0,http://maps.google.com/maps?z=12&t=m&q=loc:51.515100800000006+-0.0720914
52,51.481844,-0.11244785714285714,15.756865438719199,16,-0.011688311688311692,13,1,9.0,http://maps.google.com/maps?z=12&t=m&q=loc:51.481844+-0.11244785714285714
98,51.49465292857143,-0.1257549285714286,15.608140370719125,16,-0.015584415584415591,13,1,10.0,http://maps.google.com/maps?z=12&t=m&q=loc:51.49465292857143+-0.1257549285714286
80,51.43259064285714,-0.16376035714285714,15.582309695047105,14,0.061038961038961045,14,0,11.0,http://maps.google.com/maps?z=12&t=m&q=loc:51.43259064285714+-0.16376035714285714
161,51.513331,-0.08915118181818182,15.50444780233772,15,0.006493506493506495,9,2,12.0,http://maps.google.com/maps?z=12&t=m&q=loc:51.513331+-0.08915118181818182
181,51.472114600000005,-0.20301146666666667,15.116128693966488,15,-0.011688311688311692,15,0,13.0,http://maps.google.com/maps?z=12&t=m&q=loc:51.472114600000005+-0.20301146666666667
121,51.48612393333334,-0.12411253333333333,14.635896048222978,15,-0.009090909090909089,15,0,14.0,http://maps.google.com/maps?z=12&t=m&q=loc:51.48612393333334+-0.12411253333333333
258,51.5177227,-0.1076838,13.303076828477966,12,0.02727272727272726,9,1,15.0,http://maps.google.com/maps?z=12&t=m&q=loc:51.5177227+-0.1076838
18,51.50733685714285,-0.127501,13.210728785483685,14,-0.027272727272727282,14,0,16.0,http://maps.google.com/maps?z=12&t=m&q=loc:51.50733685714285+-0.127501
25,51.521475230769234,-0.113346,13.190452829509374,13,0.016883116883116885,13,0,17.0,http://maps.google.com/maps?z=12&t=m&q=loc:51.521475230769234+-0.113346
12,51.51221675,-0.10418233333333334,12.994286748774003,12,0.02987012987012987,12,0,18.0,http://maps.google.com/maps?z=12&t=m&q=loc:51.51221675+-0.10418233333333334
67,51.525595538461545,-0.08793346153846154,12.612797550550335,13,-0.01818181818181818,13,0,19.0,http://maps.google.com/maps?z=12&t=m&q=loc:51.525595538461545+-0.08793346153846154
407,51.42384088888889,-0.172225,12.359103582330375,11,0.028571428571428574,8,1,20.0,http://maps.google.com/maps?z=12&t=m&q=loc:51.42384088888889+-0.172225
460,51.4857335,-0.15006275,12.267363216835141,10,0.06753246753246754,7,1,21.0,http://maps.google.com/maps?z=12&t=m&q=loc:51.4857335+-0.15006275
10,51.510173153846154,-0.0869323846153846,12.06054820579425,13,-0.031168831168831162,13,0,22.0,http://maps.google.com/maps?z=12&t=m&q=loc:51.510173153846154+-0.0869323846153846
353,51.468108,-0.144329375,11.890032896970697,10,0.05454545454545455,7,1,23.0,http://maps.google.com/maps?z=12&t=m&q=loc:51.468108+-0.144329375
273,51.4646154,-0.1307278,11.80035905978616,10,0.05844155844155844,10,0,24.0,http://maps.google.com/maps?z=12&t=m&q=loc:51.4646154+-0.1307278
137,51.54592766666667,-0.10305941666666667,11.448135753275436,12,-0.018181818181818184,12,0,25.0,http://maps.google.com/maps?z=12&t=m&q=loc:51.54592766666667+-0.10305941666666667
190,51.510880099999994,-0.0669385,11.220218202787825,10,0.03896103896103896,10,0,26.0,http://maps.google.com/maps?z=12&t=m&q=loc:51.510880099999994+-0.0669385
118,51.524959090909086,-0.03481090909090909,11.16117000604286,11,0.003896103896103898,11,0,27.0,http://maps.google.com/maps?z=12&t=m&q=loc:51.524959090909086+-0.03481090909090909
170,51.53679922222222,-0.11657588888888888,11.135573492070716,11,0.003896103896103895,8,1,28.0,http://maps.google.com/maps?z=12&t=m&q=loc:51.53679922222222+-0.11657588888888888
362,51.46874211111111,-0.12690266666666666,10.967972837802375,9,0.06103896103896103,9,0,29.0,http://maps.google.com/maps?z=12&t=m&q=loc:51.46874211111111+-0.12690266666666666
475,51.47290755555556,0.003334111111111111,10.90561539993457,9,0.05454545454545455,9,0,30.0,http://maps.google.com/maps?z=12&t=m&q=loc:51.47290755555556+0.003334111111111111
42,51.53249733333334,-0.05706677777777777,10.573709523285187,9,0.06623376623376624,9,0,31.0,http://maps.google.com/maps?z=12&t=m&q=loc:51.53249733333334+-0.05706677777777777
300,51.50170042857143,-0.16055642857142857,10.428242890083858,9,0.03766233766233766,6,1,32.0,http://maps.google.com/maps?z=12&t=m&q=loc:51.50170042857143+-0.16055642857142857
195,51.50619844444444,-0.08830944444444445,10.379306968418662,9,0.04285714285714286,9,0,33.0,http://maps.google.com/maps?z=12&t=m&q=loc:51.50619844444444+-0.08830944444444445
481,51.448499125,-0.1482305,10.309482175528954,8,0.0805194805194805,8,0,34.0,http://maps.google.com/maps?z=12&t=m&q=loc:51.448499125+-0.1482305
383,51.531861428571425,-0.061176714285714286,10.014479580336857,9,0.012987012987012983,6,1,35.0,http://maps.google.com/maps?z=12&t=m&q=loc:51.531861428571425+-0.061176714285714286
504,51.511350125,-0.119380625,9.528712713858136,8,0.04025974025974026,8,0,36.0,http://maps.google.com/maps?z=12&t=m&q=loc:51.511350125+-0.119380625
257,51.510848333333335,-0.09312633333333332,9.43729891539635,10,-0.03506493506493506,4,2,37.0,http://maps.google.com/maps?z=12&t=m&q=loc:51.510848333333335+-0.09312633333333332
392,51.47328975,-0.07102,9.39158383433543,8,0.04025974025974025,8,0,38.0,http://maps.google.com/maps?z=12&t=m&q=loc:51.47328975+-0.07102
75,51.48670489999999,-0.0362381,9.376136921629156,10,-0.012987012987012988,10,0,39.0,http://maps.google.com/maps?z=12&t=m&q=loc:51.48670489999999+-0.0362381
198,51.471814,-0.09331444444444444,9.350148739677449,9,0.005194805194805191,9,0,40.0,http://maps.google.com/maps?z=12&t=m&q=loc:51.471814+-0.09331444444444444
41,51.52703425,-0.05887025,9.288996688435683,10,-0.02207792207792208,7,1,41.0,http://maps.google.com/maps?z=12&t=m&q=loc:51.52703425+-0.05887025
57,51.4970959,-0.0993572,9.27376662326242,10,-0.01948051948051948,10,0,42.0,http://maps.google.com/maps?z=12&t=m&q=loc:51.4970959+-0.0993572
368,51.52206025,-0.201517125,9.248171730390668,8,0.032467532467532464,8,0,43.0,http://maps.google.com/maps?z=12&t=m&q=loc:51.52206025+-0.201517125
38,51.51978877777778,-0.05644344444444444,9.236890719980979,9,0.006493506493506495,9,0,44.0,http://maps.google.com/maps?z=12&t=m&q=loc:51.51978877777778+-0.05644344444444444
402,51.4943325,-0.120856875,9.196376284832676,8,0.029870129870129863,8,0,45.0,http://maps.google.com/maps?z=12&t=m&q=loc:51.4943325+-0.120856875
272,51.49874975,-0.112506375,9.07179484522676,8,0.02597402597402597,8,0,46.0,http://maps.google.com/maps?z=12&t=m&q=loc:51.49874975+-0.112506375
214,51.50090188888888,-0.12625155555555556,9.00106531956996,9,-0.011688311688311689,9,0,47.0,http://maps.google.com/maps?z=12&t=m&q=loc:51.50090188888888+-0.12625155555555556
13,51.51090444444444,-0.08694811111111111,8.930484245284253,9,-0.003896103896103896,9,0,48.0,http://maps.google.com/maps?z=12&t=m&q=loc:51.51090444444444+-0.08694811111111111
520,51.535503999999996,-0.08223971428571429,8.90437632781902,7,0.06233766233766234,7,0,49.0,http://maps.google.com/maps?z=12&t=m&q=loc:51.535503999999996+-0.08223971428571429
128,51.493143714285715,-0.10060528571428572,8.881031507714766,9,-0.00779220779220779,6,1,50.0,http://maps.google.com/maps?z=12&t=m&q=loc:51.493143714285715+-0.10060528571428572
243,51.531305857142854,-0.10433957142857143,8.848420063278098,9,-0.005194805194805199,6,1,51.0,http://maps.google.com/maps?z=12&t=m&q=loc:51.531305857142854+-0.10433957142857143
465,51.48566114285715,-0.1455975714285714,8.661873539271609,7,0.05194805194805195,7,0,52.0,http://maps.google.com/maps?z=12&t=m&q=loc:51.48566114285715+-0.1455975714285714
143,51.53834425,-0.09927275,8.607889100693988,10,-0.040259740259740266,7,1,53.0,http://maps.google.com/maps?z=12&t=m&q=loc:51.53834425+-0.09927275
0,51.48666925,-0.17065775,8.559732872490525,8,0.020779220779220772,8,0,54.0,http://maps.google.com/maps?z=12&t=m&q=loc:51.48666925+-0.17065775
43,51.481218375,-0.11077287499999999,8.515343893088382,10,-0.03896103896103897,7,1,55.0,http://maps.google.com/maps?z=12&t=m&q=loc:51.481218375+-0.11077287499999999
443,51.517297,-0.1428634,8.261207656340668,7,0.02987012987012987,4,1,56.0,http://maps.google.com/maps?z=12&t=m&q=loc:51.517297+-0.1428634
171,51.53124816666667,-0.11430866666666667,8.248691098918671,8,-1.7302177007145297e-18,5,1,57.0,http://maps.google.com/maps?z=12&t=m&q=loc:51.53124816666667+-0.11430866666666667
70,51.529646750000005,-0.097397625,8.216472044570093,8,0.014285714285714284,8,0,58.0,http://maps.google.com/maps?z=12&t=m&q=loc:51.529646750000005+-0.097397625
51,51.47324485714286,-0.121556,8.07212125973435,7,0.049350649350649346,7,0,59.0,http://maps.google.com/maps?z=12&t=m&q=loc:51.47324485714286+-0.121556
200,51.504974875,-0.09568225,8.061278726541605,8,0.002597402597402596,8,0,60.0,http://maps.google.com/maps?z=12&t=m&q=loc:51.504974875+-0.09568225
418,51.5427544,-0.1374476,8.044260593366035,7,0.022077922077922082,4,1,61.0,http://maps.google.com/maps?z=12&t=m&q=loc:51.5427544+-0.1374476
102,51.49715285714286,-0.146347,8.043693551740493,7,0.03896103896103896,7,0,62.0,http://maps.google.com/maps?z=12&t=m&q=loc:51.49715285714286+-0.146347
313,51.516036799999995,-0.06972300000000001,7.874483441227206,7,0.01948051948051948,4,1,63.0,http://maps.google.com/maps?z=12&t=m&q=loc:51.516036799999995+-0.06972300000000001
6,51.48681928571428,-0.17938714285714288,7.849903686110649,9,-0.04155844155844156,6,1,64.0,http://maps.google.com/maps?z=12&t=m&q=loc:51.48681928571428+-0.17938714285714288
509,51.47456116666667,-0.12277300000000001,7.777427895436121,6,0.06233766233766234,6,0,65.0,http://maps.google.com/maps?z=12&t=m&q=loc:51.47456116666667+-0.12277300000000001
157,51.48307500000001,-0.18581233333333333,7.770903358408445,8,-0.006493506493506494,5,1,66.0,http://maps.google.com/maps?z=12&t=m&q=loc:51.48307500000001+-0.18581233333333333
528,51.430791666666664,-0.16507983333333334,7.719938741622988,6,0.05974025974025974,6,0,67.0,http://maps.google.com/maps?z=12&t=m&q=loc:51.430791666666664+-0.16507983333333334
106,51.5262746,-0.1336252,7.71870319461068,7,0.029870129870129863,4,1,68.0,http://maps.google.com/maps?z=12&t=m&q=loc:51.5262746+-0.1336252
263,51.488582428571426,-0.12937171428571428,7.715099070341855,7,0.015584415584415588,7,0,69.0,http://maps.google.com/maps?z=12&t=m&q=loc:51.488582428571426+-0.12937171428571428
39,51.518357,-0.06292733333333334,7.618332649493118,8,-0.02077922077922078,5,1,70.0,http://maps.google.com/maps?z=12&t=m&q=loc:51.518357+-0.06292733333333334
555,51.51086475,-0.3194795,7.613252387714892,6,0.05194805194805196,3,1,71.0,http://maps.google.com/maps?z=12&t=m&q=loc:51.51086475+-0.3194795
36,51.54603228571428,-0.07575614285714286,7.58297791933221,9,-0.03896103896103896,6,1,72.0,http://maps.google.com/maps?z=12&t=m&q=loc:51.54603228571428+-0.07575614285714286
127,51.488266571428575,-0.11134585714285714,7.537813052673231,7,0.016883116883116885,7,0,73.0,http://maps.google.com/maps?z=12&t=m&q=loc:51.488266571428575+-0.11134585714285714
122,51.463739999999994,-0.1326112857142857,7.528501635126446,7,0.02077922077922078,7,0,74.0,http://maps.google.com/maps?z=12&t=m&q=loc:51.463739999999994+-0.1326112857142857
489,51.54946183333333,-0.05974633333333334,7.513704961944834,6,0.049350649350649346,6,0,75.0,http://maps.google.com/maps?z=12&t=m&q=loc:51.54946183333333+-0.05974633333333334
154,51.57060971428571,-0.09605585714285714,7.485247020077046,7,0.015584415584415584,7,0,76.0,http://maps.google.com/maps?z=12&t=m&q=loc:51.57060971428571+-0.09605585714285714
248,51.46463057142857,-0.2668568571428572,7.399613158266905,7,0.0025974025974025987,7,0,77.0,http://maps.google.com/maps?z=12&t=m&q=loc:51.46463057142857+-0.2668568571428572
449,51.507095,-0.10467549999999999,7.358368924479772,6,0.04155844155844157,6,0,78.0,http://maps.google.com/maps?z=12&t=m&q=loc:51.507095+-0.10467549999999999
412,51.5150185,-0.13578066666666666,7.357934847000454,6,0.04155844155844157,6,0,79.0,http://maps.google.com/maps?z=12&t=m&q=loc:51.5150185+-0.13578066666666666
434,51.49862066666666,-0.055157000000000005,7.35684775135924,6,0.04155844155844157,6,0,80.0,http://maps.google.com/maps?z=12&t=m&q=loc:51.49862066666666+-0.055157000000000005
535,51.534900666666665,-0.0630945,7.348448954799554,6,0.03766233766233766,6,0,81.0,http://maps.google.com/maps?z=12&t=m&q=loc:51.534900666666665+-0.0630945
74,51.526768625,-0.1085855,7.3358737416119,8,-0.015584415584415591,8,0,82.0,http://maps.google.com/maps?z=12&t=m&q=loc:51.526768625+-0.1085855
210,51.516007,-0.0817168,7.284721219164519,7,-1.2976632755358973e-18,4,1,83.0,http://maps.google.com/maps?z=12&t=m&q=loc:51.516007+-0.0817168
488,51.470767,-0.2074515,7.264682604200889,6,0.03376623376623377,3,1,84.0,http://maps.google.com/maps?z=12&t=m&q=loc:51.470767+-0.2074515
529,51.513674,-0.07663875,7.257033252334919,6,0.03376623376623377,3,1,85.0,http://maps.google.com/maps?z=12&t=m&q=loc:51.513674+-0.07663875
399,51.48527016666667,-0.13702683333333332,7.234684287737742,6,0.036363636363636355,6,0,86.0,http://maps.google.com/maps?z=12&t=m&q=loc:51.48527016666667+-0.13702683333333332
293,51.50615628571428,-0.20908285714285713,7.2276827181941545,7,-0.005194805194805193,7,0,87.0,http://maps.google.com/maps?z=12&t=m&q=loc:51.50615628571428+-0.20908285714285713
441,51.49010833333333,-0.12696266666666667,7.212407893026589,6,0.03246753246753247,6,0,88.0,http://maps.google.com/maps?z=12&t=m&q=loc:51.49010833333333+-0.12696266666666667
229,51.565305,-0.073142,7.174931593528443,7,-0.0025974025974025957,4,1,89.0,http://maps.google.com/maps?z=12&t=m&q=loc:51.565305+-0.073142
219,51.521925571428575,-0.11042142857142857,7.125968963092556,7,-0.0012987012987012965,7,0,90.0,http://maps.google.com/maps?z=12&t=m&q=loc:51.521925571428575+-0.11042142857142857
239,51.502165,-0.10981883333333332,7.0,8,-0.03636363636363637,5,1,91.0,http://maps.google.com/maps?z=12&t=m&q=loc:51.502165+-0.10981883333333332
431,51.43414416666667,-0.10389416666666668,6.9681465903479625,6,0.024675324675324673,6,0,92.0,http://maps.google.com/maps?z=12&t=m&q=loc:51.43414416666667+-0.10389416666666668
131,51.50119275,-0.078232,6.890756251918218,8,-0.03896103896103897,2,2,93.0,http://maps.google.com/maps?z=12&t=m&q=loc:51.50119275+-0.078232
325,51.53100116666667,-0.06974066666666666,6.844193766721313,6,0.023376623376623377,6,0,94.0,http://maps.google.com/maps?z=12&t=m&q=loc:51.53100116666667+-0.06974066666666666
370,51.5176385,-0.10516683333333333,6.828608345169373,6,0.015584415584415588,6,0,95.0,http://maps.google.com/maps?z=12&t=m&q=loc:51.5176385+-0.10516683333333333
223,51.5425895,-0.14180266666666666,6.69365661213802,6,0.02207792207792208,6,0,96.0,http://maps.google.com/maps?z=12&t=m&q=loc:51.5425895+-0.14180266666666666
448,51.50040975,-0.074375,6.675478813435211,6,0.0077922077922077905,3,1,97.0,http://maps.google.com/maps?z=12&t=m&q=loc:51.50040975+-0.074375
142,51.54055566666667,-0.09593516666666667,6.6432789239406,6,0.023376623376623377,6,0,98.0,http://maps.google.com/maps?z=12&t=m&q=loc:51.54055566666667+-0.09593516666666667
87,51.48205216666667,-0.173493,6.640073784065388,6,0.023376623376623377,6,0,99.0,http://maps.google.com/maps?z=12&t=m&q=loc:51.48205216666667+-0.173493
158,51.513133,-0.1042975,6.633549247037712,6,0.02207792207792208,6,0,100.0,http://maps.google.com/maps?z=12&t=m&q=loc:51.513133+-0.1042975
242,51.4741505,-0.07733366666666666,6.633443205166375,6,0.014285714285714284,6,0,101.0,http://maps.google.com/maps?z=12&t=m&q=loc:51.4741505+-0.07733366666666666
47,51.46117742857143,-0.11578999999999999,6.6323236425508325,7,-0.006493506493506496,7,0,102.0,http://maps.google.com/maps?z=12&t=m&q=loc:51.46117742857143+-0.11578999999999999
289,51.465162,-0.24392149999999999,6.631118941412462,6,0.01298701298701299,6,0,103.0,http://maps.google.com/maps?z=12&t=m&q=loc:51.465162+-0.24392149999999999
458,51.452780999999995,-0.14745850000000002,6.6183326494931185,6,0.00779220779220779,6,0,104.0,http://maps.google.com/maps?z=12&t=m&q=loc:51.452780999999995+-0.14745850000000002
567,51.429637,-0.0782586,6.565658953925204,5,0.05584415584415584,5,0,105.0,http://maps.google.com/maps?z=12&t=m&q=loc:51.429637+-0.0782586
193,51.4500445,-0.12277016666666667,6.544147450938586,6,0.014285714285714287,6,0,106.0,http://maps.google.com/maps?z=12&t=m&q=loc:51.4500445+-0.12277016666666667
163,51.52004016666667,-0.17058616666666668,6.512214634698237,6,0.02077922077922078,6,0,107.0,http://maps.google.com/maps?z=12&t=m&q=loc:51.52004016666667+-0.17058616666666668
19,51.50577814285714,-0.1308752857142857,6.483786926704381,7,-0.012987012987012991,7,0,108.0,http://maps.google.com/maps?z=12&t=m&q=loc:51.50577814285714+-0.1308752857142857
290,51.46096883333333,-0.16236199999999998,6.4583053921180165,6,0.009090909090909094,6,0,109.0,http://maps.google.com/maps?z=12&t=m&q=loc:51.46096883333333+-0.16236199999999998
68,51.546496,-0.08710985714285714,6.455027682356781,7,-0.015584415584415588,7,0,110.0,http://maps.google.com/maps?z=12&t=m&q=loc:51.546496+-0.08710985714285714
56,51.482406,-0.094515,6.430276668517774,6,0.01948051948051948,3,1,111.0,http://maps.google.com/maps?z=12&t=m&q=loc:51.482406+-0.094515
556,51.485732199999994,-0.13447740000000002,6.411205413681833,5,0.046753246753246755,5,0,112.0,http://maps.google.com/maps?z=12&t=m&q=loc:51.485732199999994+-0.13447740000000002
259,51.51639516666666,-0.13051500000000002,6.408465197159876,6,0.010389610389610388,6,0,113.0,http://maps.google.com/maps?z=12&t=m&q=loc:51.51639516666666+-0.13051500000000002
543,51.517304333333335,-0.12216266666666668,6.40823996531185,5,0.046753246753246755,2,1,114.0,http://maps.google.com/maps?z=12&t=m&q=loc:51.517304333333335+-0.12216266666666668
369,51.51099925,-0.10806199999999999,6.381241468195862,6,0.0012987012987012972,3,1,115.0,http://maps.google.com/maps?z=12&t=m&q=loc:51.51099925+-0.10806199999999999
499,51.480185600000006,-0.1784316,6.380645319190925,5,0.046753246753246755,5,0,116.0,http://maps.google.com/maps?z=12&t=m&q=loc:51.480185600000006+-0.1784316
308,51.53656275,-0.0618885,6.309885559660194,6,0.002597402597402597,3,1,117.0,http://maps.google.com/maps?z=12&t=m&q=loc:51.53656275+-0.0618885
264,51.50023433333333,-0.12738133333333332,6.235609238365675,6,-0.0025974025974025965,6,0,118.0,http://maps.google.com/maps?z=12&t=m&q=loc:51.50023433333333+-0.12738133333333332
438,51.4811768,-0.13836359999999998,6.1784646955239735,5,0.03766233766233766,5,0,119.0,http://maps.google.com/maps?z=12&t=m&q=loc:51.4811768+-0.13836359999999998
426,51.5098684,-0.07451939999999999,6.177478782542322,5,0.03766233766233766,5,0,120.0,http://maps.google.com/maps?z=12&t=m&q=loc:51.5098684+-0.07451939999999999
485,51.5508826,-0.1407432,6.171282281122628,5,0.03636363636363636,5,0,121.0,http://maps.google.com/maps?z=12&t=m&q=loc:51.5508826+-0.1407432
191,51.568453166666664,-0.0301915,6.158188739549662,6,0.003896103896103896,6,0,122.0,http://maps.google.com/maps?z=12&t=m&q=loc:51.568453166666664+-0.0301915
522,51.520173799999995,-0.0745146,6.149588567787744,5,0.03376623376623377,5,0,123.0,http://maps.google.com/maps?z=12&t=m&q=loc:51.520173799999995+-0.0745146
409,51.48405066666667,-0.18431,6.137290798522468,5,0.03506493506493506,2,1,124.0,http://maps.google.com/maps?z=12&t=m&q=loc:51.48405066666667+-0.18431
94,51.5211665,-0.07870383333333333,6.128087007326553,6,0.006493506493506492,6,0,125.0,http://maps.google.com/maps?z=12&t=m&q=loc:51.5211665+-0.07870383333333333
175,51.52318875,-0.09864725,6.10281500385915,6,-0.005194805194805193,3,1,126.0,http://maps.google.com/maps?z=12&t=m&q=loc:51.52318875+-0.09864725
413,51.54041959999999,-0.139913,6.086245902425956,5,0.03376623376623377,5,0,127.0,http://maps.google.com/maps?z=12&t=m&q=loc:51.54041959999999+-0.139913
31,51.534462600000005,-0.0770236,6.077041425742374,7,-0.023376623376623377,4,1,128.0,http://maps.google.com/maps?z=12&t=m&q=loc:51.534462600000005+-0.0770236
343,51.5239158,-0.152955,6.076934484879172,5,0.03506493506493506,5,0,129.0,http://maps.google.com/maps?z=12&t=m&q=loc:51.5239158+-0.152955
240,51.47394583333334,-0.11281366666666666,6.076786033508079,6,-0.002597402597402599,6,0,130.0,http://maps.google.com/maps?z=12&t=m&q=loc:51.47394583333334+-0.11281366666666666
503,51.44962439999999,-0.0170714,6.059411937438656,5,0.02987012987012987,5,0,131.0,http://maps.google.com/maps?z=12&t=m&q=loc:51.44962439999999+-0.0170714
124,51.4275756,-0.1336422,6.056904851336473,7,-0.029870129870129877,4,1,132.0,http://maps.google.com/maps?z=12&t=m&q=loc:51.4275756+-0.1336422
472,51.490356399999996,-0.10383020000000001,6.020493871408287,5,0.028571428571428567,5,0,133.0,http://maps.google.com/maps?z=12&t=m&q=loc:51.490356399999996+-0.10383020000000001
491,51.47364259999999,-0.089228,5.971709926217423,5,0.025974025974025976,5,0,134.0,http://maps.google.com/maps?z=12&t=m&q=loc:51.47364259999999+-0.089228
283,51.550793999999996,-0.020921,5.948929117241326,6,-0.011688311688311689,2,1,135.0,http://maps.google.com/maps?z=12&t=m&q=loc:51.550793999999996+-0.020921
531,51.5104686,-0.1834054,5.947943204259675,5,0.02467532467532468,5,0,136.0,http://maps.google.com/maps?z=12&t=m&q=loc:51.5104686+-0.1834054
437,51.4534116,-0.2121528,5.910603063112648,5,0.024675324675324673,5,0,137.0,http://maps.google.com/maps?z=12&t=m&q=loc:51.4534116+-0.2121528
174,51.55765683333334,-0.11956433333333333,5.885542138376933,6,-0.007792207792207792,6,0,138.0,http://maps.google.com/maps?z=12&t=m&q=loc:51.55765683333334+-0.11956433333333333
375,51.4908134,-0.2069314,5.876448786878341,5,0.02597402597402597,5,0,139.0,http://maps.google.com/maps?z=12&t=m&q=loc:51.4908134+-0.2069314
119,51.51427566666666,-0.05564616666666666,5.874156990098756,6,-0.0025974025974025987,6,0,140.0,http://maps.google.com/maps?z=12&t=m&q=loc:51.51427566666666+-0.05564616666666666
389,51.50084939999999,-0.0986908,5.857332496431269,5,0.024675324675324673,5,0,141.0,http://maps.google.com/maps?z=12&t=m&q=loc:51.50084939999999+-0.0986908
419,51.473666800000004,-0.1836298,5.848558572123763,5,0.020779220779220786,5,0,142.0,http://maps.google.com/maps?z=12&t=m&q=loc:51.473666800000004+-0.1836298
350,51.5172778,-0.066845,5.833121601942917,5,0.02207792207792208,5,0,143.0,http://maps.google.com/maps?z=12&t=m&q=loc:51.5172778+-0.066845
420,51.505176600000006,-0.2251776,5.827265857293865,5,0.01948051948051948,5,0,144.0,http://maps.google.com/maps?z=12&t=m&q=loc:51.505176600000006+-0.2251776
299,51.527698799999996,-0.145835,5.793041244273932,5,0.023376623376623377,5,0,145.0,http://maps.google.com/maps?z=12&t=m&q=loc:51.527698799999996+-0.145835
331,51.47994,-0.14032039999999998,5.734063384314594,5,0.024675324675324673,5,0,146.0,http://maps.google.com/maps?z=12&t=m&q=loc:51.47994+-0.14032039999999998
477,51.54587,-0.06243133333333334,5.720417321751628,5,0.014285714285714284,2,1,147.0,http://maps.google.com/maps?z=12&t=m&q=loc:51.54587+-0.06243133333333334
430,51.4702582,-0.11256600000000001,5.719463875744306,5,0.015584415584415581,5,0,148.0,http://maps.google.com/maps?z=12&t=m&q=loc:51.4702582+-0.11256600000000001
226,51.522422750000004,-0.10213325,5.69365661213802,6,-0.015584415584415588,3,1,149.0,http://maps.google.com/maps?z=12&t=m&q=loc:51.522422750000004+-0.10213325
138,51.521823600000005,-0.08697819999999999,5.691541194015399,7,-0.032467532467532464,4,1,150.0,http://maps.google.com/maps?z=12&t=m&q=loc:51.521823600000005+-0.08697819999999999
319,51.504672400000004,-0.0933654,5.681675314854906,5,0.016883116883116885,5,0,151.0,http://maps.google.com/maps?z=12&t=m&q=loc:51.504672400000004+-0.0933654
275,51.44102266666667,-0.08925366666666668,5.6488477083728945,5,0.016883116883116885,2,1,152.0,http://maps.google.com/maps?z=12&t=m&q=loc:51.44102266666667+-0.08925366666666668
96,51.50984833333334,-0.12290250000000001,5.635483746814912,6,-0.009090909090909089,6,0,153.0,http://maps.google.com/maps?z=12&t=m&q=loc:51.50984833333334+-0.12290250000000001
366,51.46433733333333,-0.16234800000000002,5.623150011741187,5,0.014285714285714284,2,1,154.0,http://maps.google.com/maps?z=12&t=m&q=loc:51.46433733333333+-0.16234800000000002
155,51.489511400000005,-0.1559478,5.567449861543085,5,0.018181818181818177,5,0,155.0,http://maps.google.com/maps?z=12&t=m&q=loc:51.489511400000005+-0.1559478
14,51.5204516,-0.07896339999999999,5.516297339095703,7,-0.03506493506493506,4,1,156.0,http://maps.google.com/maps?z=12&t=m&q=loc:51.5204516+-0.07896339999999999
117,51.521087,-0.0496994,5.489181958591087,5,0.01948051948051948,5,0,157.0,http://maps.google.com/maps?z=12&t=m&q=loc:51.521087+-0.0496994
349,51.52179639999999,-0.0460692,5.48633411571826,5,0.009090909090909089,5,0,158.0,http://maps.google.com/maps?z=12&t=m&q=loc:51.52179639999999+-0.0460692
83,51.5066234,-0.2492556,5.4785087782063036,5,0.027272727272727275,5,0,159.0,http://maps.google.com/maps?z=12&t=m&q=loc:51.5066234+-0.2492556
156,51.48435533333333,-0.17580166666666666,5.419387326087647,6,-0.02077922077922078,6,0,160.0,http://maps.google.com/maps?z=12&t=m&q=loc:51.48435533333333+-0.17580166666666666
266,51.5307518,-0.1018632,5.410000712543462,5,0.005194805194805198,5,0,161.0,http://maps.google.com/maps?z=12&t=m&q=loc:51.5307518+-0.1018632
120,51.511218199999995,-0.0484812,5.407152869670635,5,0.015584415584415581,5,0,162.0,http://maps.google.com/maps?z=12&t=m&q=loc:51.511218199999995+-0.0484812
252,51.5105536,-0.2890476,5.380645319190925,5,0.011688311688311689,5,0,163.0,http://maps.google.com/maps?z=12&t=m&q=loc:51.5105536+-0.2890476
73,51.547154,-0.09233820000000001,5.3714373174041015,5,0.02207792207792208,5,0,164.0,http://maps.google.com/maps?z=12&t=m&q=loc:51.547154+-0.09233820000000001
139,51.5491094,-0.0916054,5.355643050220869,5,0.015584415584415581,5,0,165.0,http://maps.google.com/maps?z=12&t=m&q=loc:51.5491094+-0.0916054
114,51.55095300000001,-0.051601600000000004,5.355091214718536,5,0.015584415584415584,5,0,166.0,http://maps.google.com/maps?z=12&t=m&q=loc:51.55095300000001+-0.051601600000000004
232,51.509153000000005,-0.0738146,5.3210596292066805,5,0.007792207792207792,5,0,167.0,http://maps.google.com/maps?z=12&t=m&q=loc:51.509153000000005+-0.0738146
136,51.56008440000001,-0.09177840000000001,5.303403432132273,5,0.010389610389610388,5,0,168.0,http://maps.google.com/maps?z=12&t=m&q=loc:51.56008440000001+-0.09177840000000001
323,51.530627,-0.0772092,5.283482147048971,5,-0.0012987012987012967,5,0,169.0,http://maps.google.com/maps?z=12&t=m&q=loc:51.530627+-0.0772092
573,51.48947325,-0.0964805,5.266701966884088,4,0.045454545454545456,4,0,170.0,http://maps.google.com/maps?z=12&t=m&q=loc:51.48947325+-0.0964805
318,51.47244020000001,-0.1221922,5.259937738351183,5,0.0025974025974025983,5,0,171.0,http://maps.google.com/maps?z=12&t=m&q=loc:51.47244020000001+-0.1221922
562,51.51008625,-0.18916175,5.220944476323413,4,0.04285714285714286,4,0,172.0,http://maps.google.com/maps?z=12&t=m&q=loc:51.51008625+-0.18916175
348,51.527476,-0.0233066,5.191786247582199,5,-0.0025974025974025983,5,0,173.0,http://maps.google.com/maps?z=12&t=m&q=loc:51.527476+-0.0233066
317,51.4909454,-0.11114760000000001,5.19098125294597,5,-0.0012987012987012994,5,0,174.0,http://maps.google.com/maps?z=12&t=m&q=loc:51.4909454+-0.11114760000000001
46,51.4286012,-0.1044832,5.153997686692799,5,0.014285714285714284,5,0,175.0,http://maps.google.com/maps?z=12&t=m&q=loc:51.4286012+-0.1044832
61,51.47744659999999,-0.10146720000000001,5.15319269205657,5,0.01818181818181818,5,0,176.0,http://maps.google.com/maps?z=12&t=m&q=loc:51.47744659999999+-0.10146720000000001
549,51.4620545,-0.115293,5.147515559164879,4,0.03896103896103896,4,0,177.0,http://maps.google.com/maps?z=12&t=m&q=loc:51.4620545+-0.115293
347,51.5462716,-0.069367,5.128399268717807,5,-0.007792207792207794,5,0,178.0,http://maps.google.com/maps?z=12&t=m&q=loc:51.5462716+-0.069367
561,51.533056,-0.04173875,5.106897708256615,4,0.03636363636363636,4,0,179.0,http://maps.google.com/maps?z=12&t=m&q=loc:51.533056+-0.04173875
381,51.54077733333333,-0.07649299999999999,5.1003705451175625,5,-0.00909090909090909,2,1,180.0,http://maps.google.com/maps?z=12&t=m&q=loc:51.54077733333333+-0.07649299999999999
557,51.516060249999995,-0.1345755,5.086694322168328,4,0.03506493506493506,4,0,181.0,http://maps.google.com/maps?z=12&t=m&q=loc:51.516060249999995+-0.1345755
326,51.5036238,-0.1048012,5.066251361968962,5,1.4418480839287747e-19,5,0,182.0,http://maps.google.com/maps?z=12&t=m&q=loc:51.5036238+-0.1048012
530,51.504735499999995,-0.12646200000000002,5.03462845662532,4,0.03246753246753247,4,0,183.0,http://maps.google.com/maps?z=12&t=m&q=loc:51.504735499999995+-0.12646200000000002
329,51.47958766666667,-0.11484233333333334,5.033604673832371,5,-0.003896103896103897,2,1,184.0,http://maps.google.com/maps?z=12&t=m&q=loc:51.47958766666667+-0.11484233333333334
112,51.4683654,-0.2112822,5.025854532317815,5,0.0025974025974025957,5,0,185.0,http://maps.google.com/maps?z=12&t=m&q=loc:51.4683654+-0.2112822
60,51.499782800000006,-0.0957438,5.014352500651009,7,-0.03766233766233766,4,1,186.0,http://maps.google.com/maps?z=12&t=m&q=loc:51.499782800000006+-0.0957438
572,51.50646175,-0.235007,5.004991647755467,4,0.033766233766233764,4,0,187.0,http://maps.google.com/maps?z=12&t=m&q=loc:51.50646175+-0.235007
7,51.526267600000004,-0.21532279999999998,4.9656719712201065,5,0.003896103896103896,5,0,188.0,http://maps.google.com/maps?z=12&t=m&q=loc:51.526267600000004+-0.21532279999999998
284,51.472894,-0.05281933333333333,4.9577030415488315,5,-0.0012987012987012994,2,1,189.0,http://maps.google.com/maps?z=12&t=m&q=loc:51.472894+-0.05281933333333333
510,51.461897,-0.13780900000000001,4.951220914020911,4,0.028571428571428567,4,0,190.0,http://maps.google.com/maps?z=12&t=m&q=loc:51.461897+-0.13780900000000001
540,51.46465775,-0.23864775,4.915742702765058,4,0.025974025974025976,4,0,191.0,http://maps.google.com/maps?z=12&t=m&q=loc:51.46465775+-0.23864775
474,51.475596,-0.037167,4.907325353351411,4,0.027272727272727275,4,0,192.0,http://maps.google.com/maps?z=12&t=m&q=loc:51.475596+-0.037167
100,51.5109558,-0.180072,4.897489634577187,7,-0.05584415584415584,4,1,193.0,http://maps.google.com/maps?z=12&t=m&q=loc:51.5109558+-0.180072
338,51.5108932,-0.1045866,4.885361220031512,5,-0.014285714285714284,5,0,194.0,http://maps.google.com/maps?z=12&t=m&q=loc:51.5108932+-0.1045866
424,51.53077525,-0.04018225,4.880813592280791,4,0.027272727272727268,4,0,195.0,http://maps.google.com/maps?z=12&t=m&q=loc:51.53077525+-0.04018225
209,51.4884362,-0.176915,4.878521795501206,5,-0.005194805194805195,5,0,196.0,http://maps.google.com/maps?z=12&t=m&q=loc:51.4884362+-0.176915
511,51.475168,-0.0391185,4.865127673556956,4,0.024675324675324673,4,0,197.0,http://maps.google.com/maps?z=12&t=m&q=loc:51.475168+-0.0391185
324,51.547899,-0.04744966666666667,4.844924287468669,5,-0.012987012987012988,2,1,198.0,http://maps.google.com/maps?z=12&t=m&q=loc:51.547899+-0.04744966666666667
487,51.531768,-0.10610525,4.844402612352606,4,0.02337662337662337,4,0,199.0,http://maps.google.com/maps?z=12&t=m&q=loc:51.531768+-0.10610525
372,51.5148035,-0.089747,4.830691296317665,4,0.025974025974025976,4,0,200.0,http://maps.google.com/maps?z=12&t=m&q=loc:51.5148035+-0.089747
179,51.5609426,-0.124021,4.828144107303786,5,-0.003896103896103896,5,0,201.0,http://maps.google.com/maps?z=12&t=m&q=loc:51.5609426+-0.124021
26,51.52050716666667,-0.1170905,4.8028010815630875,6,-0.028571428571428567,6,0,202.0,http://maps.google.com/maps?z=12&t=m&q=loc:51.52050716666667+-0.1170905
463,51.51574825,-0.10057150000000001,4.782816483631521,4,0.02077922077922078,4,0,203.0,http://maps.google.com/maps?z=12&t=m&q=loc:51.51574825+-0.10057150000000001
444,51.528531,-0.138681,4.776512319240097,4,0.02207792207792208,4,0,204.0,http://maps.google.com/maps?z=12&t=m&q=loc:51.528531+-0.138681
480,51.465144333333335,-0.2547373333333333,4.759335387781998,4,0.020779220779220772,3,0,205.0,http://maps.google.com/maps?z=12&t=m&q=loc:51.465144333333335+-0.2547373333333333
423,51.52721725,-0.0800545,4.748188027006201,4,0.020779220779220772,4,0,206.0,http://maps.google.com/maps?z=12&t=m&q=loc:51.52721725+-0.0800545
453,51.55724675,-0.06876375,4.735119634081872,4,0.019480519480519477,4,0,207.0,http://maps.google.com/maps?z=12&t=m&q=loc:51.55724675+-0.06876375
322,51.49523366666667,-0.17911366666666664,4.728418718397232,5,-0.01818181818181818,2,1,208.0,http://maps.google.com/maps?z=12&t=m&q=loc:51.49523366666667+-0.17911366666666664
187,51.5270932,-0.0781936,4.725911632295048,5,-0.010389610389610388,5,0,209.0,http://maps.google.com/maps?z=12&t=m&q=loc:51.5270932+-0.0781936
387,51.4553515,-0.1193235,4.701343440804311,4,0.019480519480519477,4,0,210.0,http://maps.google.com/maps?z=12&t=m&q=loc:51.4553515+-0.1193235
285,51.44517666666667,-0.15126766666666666,4.692388598151385,5,-0.014285714285714284,2,1,211.0,http://maps.google.com/maps?z=12&t=m&q=loc:51.44517666666667+-0.15126766666666666
471,51.476791250000005,-0.100045,4.681675314854906,4,0.016883116883116882,4,0,212.0,http://maps.google.com/maps?z=12&t=m&q=loc:51.476791250000005+-0.100045
364,51.458863,-0.20948325,4.6703943044452165,4,0.01948051948051948,4,0,213.0,http://maps.google.com/maps?z=12&t=m&q=loc:51.458863+-0.20948325
486,51.5462335,-0.07936975,4.66661156841903,4,0.014285714285714284,4,0,214.0,http://maps.google.com/maps?z=12&t=m&q=loc:51.5462335+-0.07936975
507,51.5118195,-0.17240575,4.664641975556125,4,0.016883116883116882,4,0,215.0,http://maps.google.com/maps?z=12&t=m&q=loc:51.5118195+-0.17240575
371,51.5095295,-0.08001,4.65667304588485,4,0.016883116883116882,4,0,216.0,http://maps.google.com/maps?z=12&t=m&q=loc:51.5095295+-0.08001
236,51.48971366666667,-0.10831566666666666,4.654417214913714,5,-0.00909090909090909,2,1,217.0,http://maps.google.com/maps?z=12&t=m&q=loc:51.48971366666667+-0.10831566666666666
48,51.488293399999996,-0.10593159999999999,4.638688886690124,5,-0.0012987012987012985,5,0,218.0,http://maps.google.com/maps?z=12&t=m&q=loc:51.488293399999996+-0.10593159999999999
45,51.4517048,-0.1216318,4.636688447953283,5,0.003896103896103898,5,0,219.0,http://maps.google.com/maps?z=12&t=m&q=loc:51.4517048+-0.1216318
421,51.52628225,-0.083838,4.631849462159819,4,0.015584415584415584,4,0,220.5,http://maps.google.com/maps?z=12&t=m&q=loc:51.52628225+-0.083838
54,51.494055,-0.0917756,4.631849462159819,5,0.0038961038961038952,5,0,220.5,http://maps.google.com/maps?z=12&t=m&q=loc:51.494055+-0.0917756
185,51.544494,-0.0553948,4.619093330626743,5,-0.01948051948051948,5,0,222.0,http://maps.google.com/maps?z=12&t=m&q=loc:51.544494+-0.0553948
397,51.43965325,-0.0202805,4.616811476372585,4,0.016883116883116885,4,0,223.0,http://maps.google.com/maps?z=12&t=m&q=loc:51.43965325+-0.0202805
492,51.464205,-0.01186925,4.612253906096437,4,0.011688311688311685,4,0,224.0,http://maps.google.com/maps?z=12&t=m&q=loc:51.464205+-0.01186925
196,51.50517525,-0.1045875,4.609124647706294,4,0.027272727272727275,4,0,225.0,http://maps.google.com/maps?z=12&t=m&q=loc:51.50517525+-0.1045875
435,51.5023535,-0.07768225000000001,4.597695185925512,4,0.014285714285714284,4,0,226.0,http://maps.google.com/maps?z=12&t=m&q=loc:51.5023535+-0.07768225000000001
28,51.53067266666667,-0.12257566666666668,4.5971025620238155,5,-0.012987012987012988,2,1,227.0,http://maps.google.com/maps?z=12&t=m&q=loc:51.53067266666667+-0.12257566666666668
206,51.50830166666666,-0.27495,4.590083553256622,5,-0.016883116883116882,2,1,228.0,http://maps.google.com/maps?z=12&t=m&q=loc:51.50830166666666+-0.27495
291,51.4661045,-0.15253424999999998,4.555142835240049,4,0.016883116883116885,4,0,229.0,http://maps.google.com/maps?z=12&t=m&q=loc:51.4661045+-0.15253424999999998
451,51.530882500000004,-0.11983875,4.548032990724727,4,0.010389610389610386,4,0,230.0,http://maps.google.com/maps?z=12&t=m&q=loc:51.530882500000004+-0.11983875
337,51.510987,-0.1025715,4.537768739170626,4,0.012987012987012984,4,0,231.0,http://maps.google.com/maps?z=12&t=m&q=loc:51.510987+-0.1025715
395,51.5561995,-0.11716025,4.529661300653684,4,0.014285714285714284,4,0,232.0,http://maps.google.com/maps?z=12&t=m&q=loc:51.5561995+-0.11716025
160,51.5140135,-0.10254525,4.5263392773898445,4,0.02207792207792208,4,0,233.0,http://maps.google.com/maps?z=12&t=m&q=loc:51.5140135+-0.10254525
256,51.5123105,-0.09392925,4.506910725551518,4,0.014285714285714284,4,0,234.0,http://maps.google.com/maps?z=12&t=m&q=loc:51.5123105+-0.09392925
241,51.46746125,-0.09113125,4.505149978319906,4,0.016883116883116882,4,0,235.0,http://maps.google.com/maps?z=12&t=m&q=loc:51.46746125+-0.09113125
89,51.481079,-0.1833358,4.494154594018442,5,-0.016883116883116885,5,0,236.0,http://maps.google.com/maps?z=12&t=m&q=loc:51.481079+-0.1833358
428,51.55781725,0.006782,4.480581786829169,4,0.00779220779220779,4,0,237.0,http://maps.google.com/maps?z=12&t=m&q=loc:51.55781725+0.006782
388,51.46537866666667,-0.1296243333333333,4.476425827058011,4,0.00779220779220779,3,0,238.0,http://maps.google.com/maps?z=12&t=m&q=loc:51.46537866666667+-0.1296243333333333
59,51.4806144,-0.0597834,4.471878199307291,5,-0.003896103896103895,5,0,239.5,http://maps.google.com/maps?z=12&t=m&q=loc:51.4806144+-0.0597834
281,51.5022635,-0.187513,4.471878199307291,4,0.012987012987012984,4,0,239.5,http://maps.google.com/maps?z=12&t=m&q=loc:51.5022635+-0.187513
334,51.468368999999996,-0.226684,4.446070935701005,4,0.011688311688311689,4,0,241.5,http://maps.google.com/maps?z=12&t=m&q=loc:51.468368999999996+-0.226684
305,51.4692375,-0.21031275,4.446070935701005,4,0.009090909090909089,4,0,241.5,http://maps.google.com/maps?z=12&t=m&q=loc:51.4692375+-0.21031275
312,51.5110715,-0.0566655,4.44399792707814,4,0.01038961038961039,4,0,243.0,http://maps.google.com/maps?z=12&t=m&q=loc:51.5110715+-0.0566655
297,51.508947750000004,-0.08139975,4.441914975929848,4,0.009090909090909089,4,0,244.0,http://maps.google.com/maps?z=12&t=m&q=loc:51.508947750000004+-0.08139975
378,51.541160250000004,-0.04767525,4.4176875412097525,4,0.00779220779220779,4,0,245.0,http://maps.google.com/maps?z=12&t=m&q=loc:51.541160250000004+-0.04767525
405,51.46046675,-0.16907425,4.4172391214673805,4,0.0077922077922077905,4,0,246.0,http://maps.google.com/maps?z=12&t=m&q=loc:51.46046675+-0.16907425
203,51.49240925,-0.260369,4.412292509323047,4,0.015584415584415584,4,0,247.0,http://maps.google.com/maps?z=12&t=m&q=loc:51.49240925+-0.260369
86,51.506490400000004,-0.2651828,4.399466041004344,5,-0.016883116883116885,5,0,248.0,http://maps.google.com/maps?z=12&t=m&q=loc:51.506490400000004+-0.2651828
316,51.470665000000004,-0.12418875,4.390405156480081,4,0.006493506493506491,4,0,249.0,http://maps.google.com/maps?z=12&t=m&q=loc:51.470665000000004+-0.12418875
205,51.46451625,-0.2487175,4.383671773821113,4,0.014285714285714284,4,0,250.0,http://maps.google.com/maps?z=12&t=m&q=loc:51.46451625+-0.2487175
377,51.47610025,-0.19312325,4.379124146070391,4,0.005194805194805194,4,0,251.0,http://maps.google.com/maps?z=12&t=m&q=loc:51.47610025+-0.19312325
11,51.51700325,-0.08737400000000001,4.379051576184368,6,-0.028571428571428574,3,1,252.0,http://maps.google.com/maps?z=12&t=m&q=loc:51.51700325+-0.08737400000000001
296,51.51572675,-0.104806,4.369364308781235,4,0.01038961038961039,4,0,253.0,http://maps.google.com/maps?z=12&t=m&q=loc:51.51572675+-0.104806
393,51.50111375,-0.09322625,4.343053922912849,4,0.0025974025974025983,4,0,254.0,http://maps.google.com/maps?z=12&t=m&q=loc:51.50111375+-0.09322625
97,51.523224000000006,-0.1748828,4.334453751150932,5,-0.01818181818181818,5,0,255.0,http://maps.google.com/maps?z=12&t=m&q=loc:51.523224000000006+-0.1748828
244,51.520641000000005,-0.16560633333333333,4.32990612340021,5,-0.02207792207792208,2,1,256.0,http://maps.google.com/maps?z=12&t=m&q=loc:51.520641000000005+-0.16560633333333333
363,51.43894925,-0.15631525000000002,4.327971623623011,4,0.0038961038961038952,4,0,257.0,http://maps.google.com/maps?z=12&t=m&q=loc:51.43894925+-0.15631525000000002
129,51.492068800000006,-0.09833739999999999,4.325679826843426,5,-0.02077922077922078,5,0,258.0,http://maps.google.com/maps?z=12&t=m&q=loc:51.492068800000006+-0.09833739999999999
401,51.466493,-0.215532,4.3044905277734875,4,0.001298701298701297,4,0,259.0,http://maps.google.com/maps?z=12&t=m&q=loc:51.466493+-0.215532
310,51.527782,-0.021534,4.299942900022767,4,0.0038961038961038952,4,0,260.0,http://maps.google.com/maps?z=12&t=m&q=loc:51.527782+-0.021534
320,51.4564065,-0.0213485,4.276461804173244,4,0.0025974025974025957,4,0,261.0,http://maps.google.com/maps?z=12&t=m&q=loc:51.4564065+-0.0213485
403,51.406072,-0.165798,4.2743887955503785,4,0.001298701298701298,4,0,262.5,http://maps.google.com/maps?z=12&t=m&q=loc:51.406072+-0.165798
262,51.50087325,-0.1242805,4.2743887955503785,4,0.0038961038961038952,4,0,262.5,http://maps.google.com/maps?z=12&t=m&q=loc:51.50087325+-0.1242805
227,51.51502875,-0.226354,4.267758216651366,4,0.005194805194805194,4,0,264.0,http://maps.google.com/maps?z=12&t=m&q=loc:51.51502875+-0.226354
478,51.50391075,-0.09602175,4.2345172835126865,4,-0.0025974025974025987,4,0,265.0,http://maps.google.com/maps?z=12&t=m&q=loc:51.50391075+-0.09602175
126,51.46262875,-0.1357715,4.227783900853718,4,0.011688311688311685,4,0,266.0,http://maps.google.com/maps?z=12&t=m&q=loc:51.46262875+-0.1357715
270,51.546306,0.006816,4.207580514765431,4,-1.4418480839287748e-18,4,0,267.0,http://maps.google.com/maps?z=12&t=m&q=loc:51.546306+0.006816
79,51.460772399999996,-0.16582159999999999,4.199755177253475,5,-0.014285714285714287,5,0,268.0,http://maps.google.com/maps?z=12&t=m&q=loc:51.460772399999996+-0.16582159999999999
217,51.50209325,-0.1519955,4.1875207208364635,4,0.003896103896103897,4,0,269.0,http://maps.google.com/maps?z=12&t=m&q=loc:51.50209325+-0.1519955
192,51.4705055,-0.1072575,4.179551791165188,4,0.006493506493506494,4,0,270.0,http://maps.google.com/maps?z=12&t=m&q=loc:51.4705055+-0.1072575
224,51.53904575,-0.142539,4.176091259055681,4,0.0025974025974025965,4,0,271.0,http://maps.google.com/maps?z=12&t=m&q=loc:51.53904575+-0.142539
145,51.53465475,-0.2047545,4.148571808932157,4,0.007792207792207792,4,0,272.0,http://maps.google.com/maps?z=12&t=m&q=loc:51.53465475+-0.2047545
280,51.4809365,-0.020645999999999998,4.136086097384098,4,-0.0012987012987013002,4,0,273.0,http://maps.google.com/maps?z=12&t=m&q=loc:51.4809365+-0.020645999999999998
462,51.5141605,-0.094877,4.133794300604513,4,0.007792207792207792,4,0,274.0,http://maps.google.com/maps?z=12&t=m&q=loc:51.5141605+-0.094877
58,51.50632925,-0.1024295,4.121559844187501,4,0.014285714285714284,4,0,275.0,http://maps.google.com/maps?z=12&t=m&q=loc:51.50632925+-0.1024295
255,51.483377250000004,-0.16748775,4.1126050015345745,4,-0.0012987012987012991,4,0,276.0,http://maps.google.com/maps?z=12&t=m&q=loc:51.483377250000004+-0.16748775
188,51.5281475,-0.07594325,4.107209969647869,4,0.0025974025974025965,4,0,277.0,http://maps.google.com/maps?z=12&t=m&q=loc:51.5281475+-0.07594325
182,51.514026,-0.24581466666666665,4.1028451642454185,5,-0.02467532467532467,2,1,278.0,http://maps.google.com/maps?z=12&t=m&q=loc:51.514026+-0.24581466666666665
267,51.52335675,-0.13088925,4.1003705451175625,4,-0.0038961038961038983,4,0,279.0,http://maps.google.com/maps?z=12&t=m&q=loc:51.52335675+-0.13088925
274,51.49231075,-0.1215275,4.082641778157131,4,-0.0012987012987013002,4,0,280.0,http://maps.google.com/maps?z=12&t=m&q=loc:51.49231075+-0.1215275
151,51.46080025,-0.21726475,4.0739381906352525,4,0.0038961038961038952,4,0,281.5,http://maps.google.com/maps?z=12&t=m&q=loc:51.46080025+-0.21726475
91,51.5161605,-0.10188825,4.0739381906352525,4,0.0038961038961038952,4,0,281.5,http://maps.google.com/maps?z=12&t=m&q=loc:51.5161605+-0.10188825
50,51.445061333333335,-0.12441066666666667,4.0668475109739,5,-0.02987012987012987,2,1,283.0,http://maps.google.com/maps?z=12&t=m&q=loc:51.445061333333335+-0.12441066666666667
301,51.53906925,-0.17069499999999999,4.062581984228164,4,-0.006493506493506495,4,0,284.0,http://maps.google.com/maps?z=12&t=m&q=loc:51.53906925+-0.17069499999999999
277,51.4745515,-0.02412725,4.044853217267732,4,-0.006493506493506495,4,0,285.0,http://maps.google.com/maps?z=12&t=m&q=loc:51.4745515+-0.02412725
303,51.523739500000005,-0.10903275,4.003460532109506,4,-0.005194805194805194,4,0,286.0,http://maps.google.com/maps?z=12&t=m&q=loc:51.523739500000005+-0.10903275
580,51.516627666666665,-0.10484500000000001,3.986861270290045,3,0.03636363636363637,3,0,287.0,http://maps.google.com/maps?z=12&t=m&q=loc:51.516627666666665+-0.10484500000000001
581,51.499264333333336,-0.15991733333333333,3.9858753573083936,3,0.03636363636363636,3,0,288.0,http://maps.google.com/maps?z=12&t=m&q=loc:51.499264333333336+-0.15991733333333333
180,51.4986065,-0.24356049999999999,3.9822712330395684,4,-0.0012987012987012991,4,0,289.0,http://maps.google.com/maps?z=12&t=m&q=loc:51.4986065+-0.24356049999999999
230,51.546082999999996,-0.0734725,3.970811610872518,4,0.001298701298701298,4,0,290.0,http://maps.google.com/maps?z=12&t=m&q=loc:51.546082999999996+-0.0734725
165,51.516839250000004,-0.16574775,3.9523080096621253,4,-0.0012987012987012991,4,0,291.0,http://maps.google.com/maps?z=12&t=m&q=loc:51.516839250000004+-0.16574775
569,51.42740633333333,-0.13108533333333336,3.943395576508954,3,0.03376623376623377,3,0,292.0,http://maps.google.com/maps?z=12&t=m&q=loc:51.42740633333333+-0.13108533333333336
35,51.54228675,-0.07639825,3.924175870301921,4,0.0038961038961038952,4,0,293.0,http://maps.google.com/maps?z=12&t=m&q=loc:51.54228675+-0.07639825
582,51.480727,-0.148872,3.9152942830226865,3,0.03246753246753247,3,0,294.0,http://maps.google.com/maps?z=12&t=m&q=loc:51.480727+-0.148872
78,51.46643775,-0.16247975,3.9084850188786495,4,0.0025974025974025983,4,0,295.0,http://maps.google.com/maps?z=12&t=m&q=loc:51.46643775+-0.16247975
576,51.513549000000005,-0.081625,3.9030899869919438,3,0.031168831168831176,3,0,296.0,http://maps.google.com/maps?z=12&t=m&q=loc:51.513549000000005+-0.081625
570,51.535917000000005,-0.146884,3.9020028913507296,3,0.031168831168831176,3,0,297.0,http://maps.google.com/maps?z=12&t=m&q=loc:51.535917000000005+-0.146884
199,51.4811925,-0.0609985,3.8987251815894934,4,-0.007792207792207792,4,0,298.5,http://maps.google.com/maps?z=12&t=m&q=loc:51.4811925+-0.0609985
85,51.50664425,-0.25189724999999996,3.8987251815894934,4,0.0038961038961038952,4,0,298.5,http://maps.google.com/maps?z=12&t=m&q=loc:51.50664425+-0.25189724999999996
92,51.518429,-0.10539825,3.890756251918218,4,-0.0025974025974025974,4,0,300.0,http://maps.google.com/maps?z=12&t=m&q=loc:51.518429+-0.10539825
253,51.56455,-0.10470775,3.8864907251724823,4,-0.01038961038961039,4,0,301.0,http://maps.google.com/maps?z=12&t=m&q=loc:51.56455+-0.10470775
568,51.474167666666666,-0.07508933333333334,3.8797264966395772,3,0.029870129870129877,3,0,302.0,http://maps.google.com/maps?z=12&t=m&q=loc:51.474167666666666+-0.07508933333333334
16,51.5357795,-0.1649705,3.8785217955012063,4,0.005194805194805195,4,0,304.5,http://maps.google.com/maps?z=12&t=m&q=loc:51.5357795+-0.1649705
109,51.5290385,-0.12625899999999998,3.8785217955012063,4,-0.0051948051948051965,4,0,304.5,http://maps.google.com/maps?z=12&t=m&q=loc:51.5290385+-0.12625899999999998
564,51.455574333333324,-0.13862566666666667,3.8785217955012063,3,0.029870129870129877,3,0,304.5,http://maps.google.com/maps?z=12&t=m&q=loc:51.455574333333324+-0.13862566666666667
269,51.5219845,-0.0766,3.8785217955012063,4,-0.00909090909090909,4,0,304.5,http://maps.google.com/maps?z=12&t=m&q=loc:51.5219845+-0.0766
304,51.5063685,-0.238904,3.8777168008649765,4,-0.011688311688311689,4,0,307.0,http://maps.google.com/maps?z=12&t=m&q=loc:51.5063685+-0.238904
548,51.53038966666667,-0.012702,3.8687619582120503,3,0.02987012987012987,3,0,308.5,http://maps.google.com/maps?z=12&t=m&q=loc:51.53038966666667+-0.012702
541,51.534055,-0.16270633333333331,3.8687619582120503,3,0.02987012987012987,3,0,308.5,http://maps.google.com/maps?z=12&t=m&q=loc:51.534055+-0.16270633333333331
215,51.509909750000006,-0.15626325,3.857332496431268,4,-0.007792207792207792,4,0,310.0,http://maps.google.com/maps?z=12&t=m&q=loc:51.509909750000006+-0.15626325
565,51.52015666666667,-0.097369,3.852967691028818,3,0.028571428571428567,3,0,311.0,http://maps.google.com/maps?z=12&t=m&q=loc:51.52015666666667+-0.097369
552,51.532126000000005,-0.23741233333333334,3.848558572123763,3,0.028571428571428567,3,0,312.0,http://maps.google.com/maps?z=12&t=m&q=loc:51.532126000000005+-0.23741233333333334
575,51.467627,-0.28815566666666664,3.847572659142112,3,0.028571428571428567,3,0,313.0,http://maps.google.com/maps?z=12&t=m&q=loc:51.467627+-0.28815566666666664
261,51.51976325,-0.17752175,3.8407332346118066,4,-0.006493506493506496,4,0,314.0,http://maps.google.com/maps?z=12&t=m&q=loc:51.51976325+-0.17752175
20,51.525799,-0.17847133333333332,3.8363241157067516,5,-0.035064935064935056,2,1,315.0,http://maps.google.com/maps?z=12&t=m&q=loc:51.525799+-0.17847133333333332
566,51.497535666666664,-0.12571200000000002,3.8362608028584866,3,0.027272727272727282,3,0,316.0,http://maps.google.com/maps?z=12&t=m&q=loc:51.497535666666664+-0.12571200000000002
559,51.50209933333334,-0.222503,3.8325089127062366,3,0.027272727272727282,3,0,317.0,http://maps.google.com/maps?z=12&t=m&q=loc:51.50209933333334+-0.222503
545,51.50188933333333,-0.22881533333333334,3.8273692730538253,3,0.027272727272727275,3,0,318.0,http://maps.google.com/maps?z=12&t=m&q=loc:51.50188933333333+-0.22881533333333334
130,51.49382875,-0.0857095,3.8115750058705933,4,-0.005194805194805197,4,0,319.0,http://maps.google.com/maps?z=12&t=m&q=loc:51.49382875+-0.0857095
558,51.52919133333333,-0.11461633333333332,3.8102325179950842,3,0.02597402597402598,3,0,320.0,http://maps.google.com/maps?z=12&t=m&q=loc:51.52919133333333+-0.11461633333333332
245,51.4889415,-0.0783155,3.8061799739838875,4,-0.011688311688311689,4,0,321.0,http://maps.google.com/maps?z=12&t=m&q=loc:51.4889415+-0.0783155
167,51.51238166666667,-0.16766899999999998,3.806179973983887,5,-0.036363636363636355,2,1,322.0,http://maps.google.com/maps?z=12&t=m&q=loc:51.51238166666667+-0.16766899999999998
553,51.41391933333333,-0.182948,3.805092878342673,3,0.025974025974025976,3,0,323.0,http://maps.google.com/maps?z=12&t=m&q=loc:51.41391933333333+-0.182948
534,51.56078466666667,-0.070511,3.7993405494535817,3,0.02597402597402598,3,0,324.0,http://maps.google.com/maps?z=12&t=m&q=loc:51.56078466666667+-0.070511
524,51.545888,-0.15079233333333333,3.789580712164425,3,0.025974025974025976,3,0,325.0,http://maps.google.com/maps?z=12&t=m&q=loc:51.545888+-0.15079233333333333
550,51.478934333333335,-0.09421633333333333,3.783903579272735,3,0.02467532467532468,3,0,326.0,http://maps.google.com/maps?z=12&t=m&q=loc:51.478934333333335+-0.09421633333333333
108,51.52513825,-0.138277,3.78161178249315,4,-0.0051948051948051965,4,0,327.0,http://maps.google.com/maps?z=12&t=m&q=loc:51.52513825+-0.138277
544,51.56477933333334,-0.13271999999999998,3.776991584856405,3,0.024675324675324673,3,0,328.5,http://maps.google.com/maps?z=12&t=m&q=loc:51.56477933333334+-0.13271999999999998
554,51.42048133333333,-0.175826,3.776991584856405,3,0.024675324675324673,3,0,328.5,http://maps.google.com/maps?z=12&t=m&q=loc:51.42048133333333+-0.175826
516,51.522568666666665,-0.055091999999999995,3.7693773260761385,3,0.024675324675324673,3,0,330.0,http://maps.google.com/maps?z=12&t=m&q=loc:51.522568666666665+-0.055091999999999995
525,51.535245333333336,-0.22006099999999998,3.7673043174532728,3,0.024675324675324673,3,0,331.0,http://maps.google.com/maps?z=12&t=m&q=loc:51.535245333333336+-0.22006099999999998
159,51.5120655,-0.09283525000000001,3.760422483423212,4,-0.011688311688311689,4,0,332.0,http://maps.google.com/maps?z=12&t=m&q=loc:51.5120655+-0.09283525000000001
536,51.484494000000005,-0.10992400000000001,3.7558748556724915,3,0.023376623376623384,3,0,333.0,http://maps.google.com/maps?z=12&t=m&q=loc:51.484494000000005+-0.10992400000000001
515,51.567794666666664,-0.07299433333333333,3.7481880270062007,3,0.023376623376623384,3,0,334.0,http://maps.google.com/maps?z=12&t=m&q=loc:51.567794666666664+-0.07299433333333333
521,51.492968,-0.183933,3.7438232216037504,3,0.023376623376623377,3,0,335.5,http://maps.google.com/maps?z=12&t=m&q=loc:51.492968+-0.183933
467,51.50927099999999,-0.12723399999999999,3.7438232216037504,3,0.024675324675324673,3,0,335.5,http://maps.google.com/maps?z=12&t=m&q=loc:51.50927099999999+-0.12723399999999999
66,51.53085675,-0.1210295,3.73814608871206,4,-0.003896103896103895,4,0,337.0,http://maps.google.com/maps?z=12&t=m&q=loc:51.53085675+-0.1210295
542,51.51630433333333,-0.124511,3.7381460887120594,3,0.022077922077922082,3,0,338.0,http://maps.google.com/maps?z=12&t=m&q=loc:51.51630433333333+-0.124511
250,51.46306025,-0.2284415,3.7323937598229686,4,-0.01038961038961039,4,0,339.0,http://maps.google.com/maps?z=12&t=m&q=loc:51.46306025+-0.2284415
107,51.5271785,-0.13087675,3.7236198355154633,4,-0.01038961038961039,4,0,340.0,http://maps.google.com/maps?z=12&t=m&q=loc:51.5271785+-0.13087675
551,51.47827566666666,-0.103565,3.713322504987028,3,0.020779220779220786,3,0,341.0,http://maps.google.com/maps?z=12&t=m&q=loc:51.47827566666666+-0.103565
517,51.49967899999999,-0.009543333333333334,3.703635237583896,3,0.020779220779220786,3,0,342.0,http://maps.google.com/maps?z=12&t=m&q=loc:51.49967899999999+-0.009543333333333334
468,51.51803666666666,-0.16752166666666665,3.7024305364455254,3,0.022077922077922082,3,0,343.0,http://maps.google.com/maps?z=12&t=m&q=loc:51.51803666666666+-0.16752166666666665
508,51.520442,-0.08743933333333333,3.702430536445525,3,0.020779220779220786,3,0,344.0,http://maps.google.com/maps?z=12&t=m&q=loc:51.520442+-0.08743933333333333
574,51.503403999999996,-0.11149533333333334,3.693726948923647,3,0.020779220779220786,3,0,345.5,http://maps.google.com/maps?z=12&t=m&q=loc:51.503403999999996+-0.11149533333333334
498,51.50428766666667,-0.21775233333333333,3.693726948923647,3,0.020779220779220786,3,0,345.5,http://maps.google.com/maps?z=12&t=m&q=loc:51.50428766666667+-0.21775233333333333
162,51.51514025,-0.14208874999999999,3.692670699156369,4,-0.005194805194805197,4,0,347.0,http://maps.google.com/maps?z=12&t=m&q=loc:51.51514025+-0.14208874999999999
539,51.53337633333334,-0.21864233333333336,3.6852937813867843,3,0.019480519480519484,3,0,348.0,http://maps.google.com/maps?z=12&t=m&q=loc:51.53337633333334+-0.21864233333333336
578,51.515957333333326,-0.163939,3.680154141734373,3,0.020779220779220786,3,0,349.0,http://maps.google.com/maps?z=12&t=m&q=loc:51.515957333333326+-0.163939
526,51.47390933333333,-0.06130666666666667,3.6801541417343726,3,0.019480519480519484,3,0,350.0,http://maps.google.com/maps?z=12&t=m&q=loc:51.47390933333333+-0.06130666666666667
201,51.552199,-0.125163,3.6750447359558924,4,-0.014285714285714284,4,0,351.0,http://maps.google.com/maps?z=12&t=m&q=loc:51.552199+-0.125163
455,51.50044066666666,-0.11660733333333333,3.66256896693326,3,0.02077922077922078,3,0,352.0,http://maps.google.com/maps?z=12&t=m&q=loc:51.50044066666666+-0.11660733333333333
466,51.52977666666667,-0.167833,3.6589648426644352,3,0.019480519480519484,3,0,353.5,http://maps.google.com/maps?z=12&t=m&q=loc:51.52977666666667+-0.167833
571,51.473810333333326,-0.06870166666666666,3.6589648426644352,3,0.019480519480519484,3,0,353.5,http://maps.google.com/maps?z=12&t=m&q=loc:51.473810333333326+-0.06870166666666666
519,51.49251133333333,-0.22993533333333335,3.655330558009341,3,0.01818181818181818,3,0,355.0,http://maps.google.com/maps?z=12&t=m&q=loc:51.49251133333333+-0.22993533333333335
514,51.52904900000001,-0.09505633333333334,3.651278013998144,3,0.01818181818181818,3,0,356.0,http://maps.google.com/maps?z=12&t=m&q=loc:51.52904900000001+-0.09505633333333334
502,51.52459966666667,-0.094103,3.6402826296966806,3,0.01818181818181818,3,0,357.0,http://maps.google.com/maps?z=12&t=m&q=loc:51.52459966666667+-0.094103
394,51.483611999999994,-0.09430933333333334,3.639087871083737,3,0.02207792207792208,3,0,358.0,http://maps.google.com/maps?z=12&t=m&q=loc:51.483611999999994+-0.09430933333333334
527,51.46698799999999,-0.16275866666666666,3.634678752178682,3,0.01818181818181818,3,0,359.5,http://maps.google.com/maps?z=12&t=m&q=loc:51.46698799999999+-0.16275866666666666
518,51.526489999999995,-0.06368133333333333,3.634678752178682,3,0.01818181818181818,3,0,359.5,http://maps.google.com/maps?z=12&t=m&q=loc:51.526489999999995+-0.06368133333333333
484,51.51761833333333,-0.09665766666666668,3.632457292184724,3,0.01818181818181818,3,0,361.5,http://maps.google.com/maps?z=12&t=m&q=loc:51.51761833333333+-0.09665766666666668
500,51.411688,-0.290468,3.632457292184724,3,0.01818181818181818,3,0,361.5,http://maps.google.com/maps?z=12&t=m&q=loc:51.411688+-0.290468
532,51.524262,-0.11606299999999999,3.630936119064191,3,0.016883116883116885,3,0,363.0,http://maps.google.com/maps?z=12&t=m&q=loc:51.524262+-0.11606299999999999
483,51.507404,-0.20437566666666665,3.624488362513449,3,0.01688311688311688,3,0,364.0,http://maps.google.com/maps?z=12&t=m&q=loc:51.507404+-0.20437566666666665
442,51.54166466666666,-0.13846533333333333,3.6211762817750355,3,0.01818181818181818,3,0,365.0,http://maps.google.com/maps?z=12&t=m&q=loc:51.54166466666666+-0.13846533333333333
24,51.544771499999996,-0.134686,3.621176281775035,4,-1.7302177007145297e-18,4,0,366.5,http://maps.google.com/maps?z=12&t=m&q=loc:51.544771499999996+-0.134686
416,51.524259,-0.1289256666666667,3.621176281775035,3,0.019480519480519484,3,0,366.5,http://maps.google.com/maps?z=12&t=m&q=loc:51.524259+-0.1289256666666667
398,51.452863,0.036679666666666666,3.6188844849954505,3,0.02077922077922078,3,0,369.0,http://maps.google.com/maps?z=12&t=m&q=loc:51.452863+0.036679666666666666
152,51.46834775,-0.229162,3.6188844849954505,4,-0.00909090909090909,4,0,369.0,http://maps.google.com/maps?z=12&t=m&q=loc:51.46834775+-0.229162
385,51.46843366666667,-0.098474,3.6188844849954505,3,0.02077922077922078,3,0,369.0,http://maps.google.com/maps?z=12&t=m&q=loc:51.46843366666667+-0.098474
506,51.500496999999996,-0.149558,3.614475366090395,3,0.016883116883116885,3,0,371.0,http://maps.google.com/maps?z=12&t=m&q=loc:51.500496999999996+-0.149558
537,51.456376666666664,-0.14410733333333334,3.612253906096437,3,0.016883116883116885,3,0,372.0,http://maps.google.com/maps?z=12&t=m&q=loc:51.456376666666664+-0.14410733333333334
533,51.543573333333335,-0.13641899999999998,3.6074550232146683,3,0.015584415584415584,3,0,373.0,http://maps.google.com/maps?z=12&t=m&q=loc:51.543573333333335+-0.13641899999999998
505,51.50639833333333,-0.12257966666666666,3.6070258784347864,3,0.01558441558441558,3,0,374.0,http://maps.google.com/maps?z=12&t=m&q=loc:51.50639833333333+-0.12257966666666666
439,51.49847133333333,-0.15756333333333336,3.598899887063883,3,0.01688311688311688,3,0,375.0,http://maps.google.com/maps?z=12&t=m&q=loc:51.49847133333333+-0.15756333333333336
400,51.521154333333335,-0.11474366666666667,3.5986810989071634,3,0.01948051948051948,3,0,376.0,http://maps.google.com/maps?z=12&t=m&q=loc:51.521154333333335+-0.11474366666666667
482,51.429639333333334,-0.166276,3.597695185925512,3,0.016883116883116885,3,0,377.0,http://maps.google.com/maps?z=12&t=m&q=loc:51.429639333333334+-0.166276
469,51.51690033333333,-0.073278,3.588383768378728,3,0.015584415584415581,3,0,378.0,http://maps.google.com/maps?z=12&t=m&q=loc:51.51690033333333+-0.073278
495,51.49986766666667,-0.19613099999999997,3.5822906827189938,3,0.015584415584415584,3,0,379.0,http://maps.google.com/maps?z=12&t=m&q=loc:51.49986766666667+-0.19613099999999997
513,51.51179366666667,-0.06935566666666666,3.577491799837225,3,0.014285714285714284,3,0,381.5,http://maps.google.com/maps?z=12&t=m&q=loc:51.51179366666667+-0.06935566666666666
99,51.51264975,-0.130209,3.577491799837225,4,-0.0012987012987013013,4,0,381.5,http://maps.google.com/maps?z=12&t=m&q=loc:51.51264975+-0.130209
436,51.447775,-0.018044333333333332,3.577491799837225,3,0.016883116883116885,3,0,381.5,http://maps.google.com/maps?z=12&t=m&q=loc:51.447775+-0.018044333333333332
390,51.47294233333333,-0.055025333333333336,3.577491799837225,3,0.01818181818181818,3,0,381.5,http://maps.google.com/maps?z=12&t=m&q=loc:51.47294233333333+-0.055025333333333336
454,51.545903333333335,-0.055362666666666664,3.57541879121436,3,0.015584415584415581,3,0,384.0,http://maps.google.com/maps?z=12&t=m&q=loc:51.545903333333335+-0.055362666666666664
247,51.48752275,-0.26714174999999996,3.574031267727719,4,-0.016883116883116885,4,0,385.0,http://maps.google.com/maps?z=12&t=m&q=loc:51.48752275+-0.26714174999999996
457,51.46141933333333,-0.29827066666666663,3.5728716022004807,3,0.015584415584415581,3,0,386.0,http://maps.google.com/maps?z=12&t=m&q=loc:51.46141933333333+-0.29827066666666663
497,51.46596400000001,-0.16933600000000001,3.5687882123153467,3,0.014285714285714284,3,0,387.0,http://maps.google.com/maps?z=12&t=m&q=loc:51.46596400000001+-0.16933600000000001
365,51.456795,-0.18983466666666668,3.567731962548069,3,0.01948051948051948,3,0,388.5,http://maps.google.com/maps?z=12&t=m&q=loc:51.456795+-0.18983466666666668
186,51.5427935,-0.08156350000000001,3.567731962548069,4,-0.016883116883116885,4,0,388.5,http://maps.google.com/maps?z=12&t=m&q=loc:51.5427935+-0.08156350000000001
470,51.519150333333336,-0.07447266666666667,3.5563025007672873,3,0.014285714285714284,3,0,390.0,http://maps.google.com/maps?z=12&t=m&q=loc:51.519150333333336+-0.07447266666666667
384,51.48616933333333,-0.12203566666666667,3.5552154051260727,3,0.016883116883116885,3,0,391.0,http://maps.google.com/maps?z=12&t=m&q=loc:51.48616933333333+-0.12203566666666667
523,51.485741,-0.034879,3.5543680009900873,3,0.012987012987012984,3,0,392.0,http://maps.google.com/maps?z=12&t=m&q=loc:51.485741+-0.034879
404,51.455104,-0.20779,3.551937695364837,3,0.016883116883116885,3,0,393.0,http://maps.google.com/maps?z=12&t=m&q=loc:51.455104+-0.20779
493,51.51944633333333,-0.057883333333333335,3.5388249889379035,3,0.012987012987012988,3,0,394.0,http://maps.google.com/maps?z=12&t=m&q=loc:51.51944633333333+-0.057883333333333335
101,51.49988999999999,-0.174533,3.534026106056135,4,-0.009090909090909094,4,0,395.5,http://maps.google.com/maps?z=12&t=m&q=loc:51.49988999999999+-0.174533
429,51.565254333333336,-0.03837666666666667,3.534026106056135,3,0.014285714285714284,3,0,395.5,http://maps.google.com/maps?z=12&t=m&q=loc:51.565254333333336+-0.03837666666666667
579,51.46387766666667,-0.17645033333333335,3.5317343092765503,3,0.015584415584415584,3,0,397.5,http://maps.google.com/maps?z=12&t=m&q=loc:51.46387766666667+-0.17645033333333335
396,51.44121766666667,-0.04742866666666667,3.5317343092765503,3,0.015584415584415584,3,0,397.5,http://maps.google.com/maps?z=12&t=m&q=loc:51.44121766666667+-0.04742866666666667
446,51.56211999999999,-0.07885199999999999,3.5299434016586693,3,0.014285714285714284,3,0,399.0,http://maps.google.com/maps?z=12&t=m&q=loc:51.56211999999999+-0.07885199999999999
447,51.565509666666664,-0.10316033333333334,3.527114111639805,3,0.012987012987012988,3,0,400.0,http://maps.google.com/maps?z=12&t=m&q=loc:51.565509666666664+-0.10316033333333334
501,51.464859999999994,-0.2634896666666667,3.522183317618686,3,0.011688311688311685,3,0,401.0,http://maps.google.com/maps?z=12&t=m&q=loc:51.464859999999994+-0.2634896666666667
132,51.504999749999996,-0.08970775,3.5153438930883807,4,-0.016883116883116885,4,0,402.0,http://maps.google.com/maps?z=12&t=m&q=loc:51.504999749999996+-0.08970775
459,51.456758,-0.15382233333333334,3.496237545166735,3,0.011688311688311685,3,0,403.0,http://maps.google.com/maps?z=12&t=m&q=loc:51.456758+-0.15382233333333334
330,51.441534,-0.33246266666666663,3.4885507165004443,3,0.016883116883116885,3,0,404.0,http://maps.google.com/maps?z=12&t=m&q=loc:51.441534+-0.33246266666666663
479,51.47324366666667,-0.24753033333333332,3.48572142648158,3,0.01038961038961039,3,0,405.0,http://maps.google.com/maps?z=12&t=m&q=loc:51.47324366666667+-0.24753033333333332
577,51.436147000000005,-0.090617,3.480581786829169,3,0.011688311688311689,3,0,406.5,http://maps.google.com/maps?z=12&t=m&q=loc:51.436147000000005+-0.090617
44,51.50017775,-0.1110785,3.480581786829169,4,-0.00909090909090909,4,0,406.5,http://maps.google.com/maps?z=12&t=m&q=loc:51.50017775+-0.1110785
146,51.47843,-0.3236505,3.4727564493172123,4,-0.019480519480519484,4,0,408.0,http://maps.google.com/maps?z=12&t=m&q=loc:51.47843+-0.3236505
327,51.476168333333334,-0.14836266666666667,3.4683473304121577,3,0.015584415584415584,3,0,409.0,http://maps.google.com/maps?z=12&t=m&q=loc:51.476168333333334+-0.14836266666666667
432,51.452293999999995,-0.10163566666666668,3.4563660331290427,3,0.011688311688311689,3,0,410.0,http://maps.google.com/maps?z=12&t=m&q=loc:51.452293999999995+-0.10163566666666668
476,51.50877933333334,-0.024095666666666668,3.455758203104137,3,0.009090909090909089,3,0,411.0,http://maps.google.com/maps?z=12&t=m&q=loc:51.50877933333334+-0.024095666666666668
560,51.48400566666667,-0.21975233333333333,3.4479328655921804,3,0.009090909090909089,3,0,412.0,http://maps.google.com/maps?z=12&t=m&q=loc:51.48400566666667+-0.21975233333333333
410,51.51187133333334,-0.09906833333333333,3.4471580313422194,3,0.01038961038961039,3,0,413.0,http://maps.google.com/maps?z=12&t=m&q=loc:51.51187133333334+-0.09906833333333333
433,51.49462833333333,-0.09732266666666667,3.436162647040756,3,0.01038961038961039,3,0,414.0,http://maps.google.com/maps?z=12&t=m&q=loc:51.49462833333333+-0.09732266666666667
414,51.52271033333333,-0.12588966666666668,3.434568904034199,3,0.009090909090909089,3,0,415.0,http://maps.google.com/maps?z=12&t=m&q=loc:51.52271033333333+-0.12588966666666668
408,51.51463266666667,-0.314538,3.431363764158987,3,0.010389610389610386,3,0,416.0,http://maps.google.com/maps?z=12&t=m&q=loc:51.51463266666667+-0.314538
547,51.525667999999996,0.029302333333333333,3.429429264381788,3,0.011688311688311689,3,0,417.0,http://maps.google.com/maps?z=12&t=m&q=loc:51.525667999999996+0.029302333333333333
546,51.52650933333334,-0.027789333333333333,3.4294292643817874,3,0.0077922077922077905,3,0,418.0,http://maps.google.com/maps?z=12&t=m&q=loc:51.52650933333334+-0.027789333333333333
302,51.56979533333333,-0.123991,3.417969642214737,3,0.012987012987012988,3,0,419.5,http://maps.google.com/maps?z=12&t=m&q=loc:51.56979533333333+-0.123991
309,51.553147,-0.08482033333333333,3.417969642214737,3,0.012987012987012988,3,0,419.5,http://maps.google.com/maps?z=12&t=m&q=loc:51.553147+-0.08482033333333333
373,51.49803766666667,-0.14396166666666668,3.410608542568368,3,0.01038961038961039,3,0,421.0,http://maps.google.com/maps?z=12&t=m&q=loc:51.49803766666667+-0.14396166666666668
490,51.48286233333334,-0.11143366666666667,3.4061994236633124,3,0.006493506493506492,3,0,422.0,http://maps.google.com/maps?z=12&t=m&q=loc:51.48286233333334+-0.11143366666666667
452,51.56227666666666,-0.136327,3.3916407034923877,3,0.006493506493506492,3,0,423.0,http://maps.google.com/maps?z=12&t=m&q=loc:51.56227666666666+-0.136327
355,51.490059333333335,-0.04463166666666666,3.3859635706006976,3,0.00909090909090909,3,0,424.0,http://maps.google.com/maps?z=12&t=m&q=loc:51.490059333333335+-0.04463166666666666
406,51.44469900000001,-0.206597,3.385606273598312,3,0.0077922077922077905,3,0,425.5,http://maps.google.com/maps?z=12&t=m&q=loc:51.44469900000001+-0.206597
148,51.448815333333336,-0.18969233333333332,3.385606273598312,5,-0.041558441558441545,2,1,425.5,http://maps.google.com/maps?z=12&t=m&q=loc:51.448815333333336+-0.18969233333333332
321,51.44048,-0.059125333333333335,3.379124146070392,3,0.01038961038961039,3,0,427.0,http://maps.google.com/maps?z=12&t=m&q=loc:51.44048+-0.059125333333333335
379,51.52517866666667,-0.082003,3.3791241460703914,3,0.0077922077922077905,3,0,428.0,http://maps.google.com/maps?z=12&t=m&q=loc:51.52517866666667+-0.082003
496,51.523282,-0.084438,3.374014740291911,3,0.005194805194805194,3,0,429.0,http://maps.google.com/maps?z=12&t=m&q=loc:51.523282+-0.084438
380,51.54944833333334,-0.07771266666666667,3.3692158574101425,3,0.0077922077922077905,3,0,430.0,http://maps.google.com/maps?z=12&t=m&q=loc:51.54944833333334+-0.07771266666666667
346,51.47993499999999,-0.19580566666666666,3.3624824747511743,3,0.007792207792207794,3,0,431.0,http://maps.google.com/maps?z=12&t=m&q=loc:51.47993499999999+-0.19580566666666666
71,51.5355558,-0.1037638,3.3594560201209864,5,-0.03636363636363636,5,0,432.0,http://maps.google.com/maps?z=12&t=m&q=loc:51.5355558+-0.1037638
345,51.521982333333334,-0.10851700000000002,3.350248018334163,3,0.0077922077922077905,3,0,433.5,http://maps.google.com/maps?z=12&t=m&q=loc:51.521982333333334+-0.10851700000000002
357,51.487977,-0.07641066666666667,3.350248018334163,3,0.0077922077922077905,3,0,433.5,http://maps.google.com/maps?z=12&t=m&q=loc:51.487977+-0.07641066666666667
286,51.42886166666667,-0.3241696666666667,3.3344537511509307,3,0.01038961038961039,3,0,435.5,http://maps.google.com/maps?z=12&t=m&q=loc:51.42886166666667+-0.3241696666666667
417,51.53734433333333,-0.13489466666666666,3.3344537511509307,3,0.0051948051948051965,3,0,435.5,http://maps.google.com/maps?z=12&t=m&q=loc:51.53734433333333+-0.13489466666666666
306,51.47265866666667,-0.19941233333333333,3.333648756514701,3,0.009090909090909089,3,0,437.5,http://maps.google.com/maps?z=12&t=m&q=loc:51.47265866666667+-0.19941233333333333
456,51.42363,-0.13013066666666664,3.333648756514701,3,0.0038961038961038952,3,0,437.5,http://maps.google.com/maps?z=12&t=m&q=loc:51.42363+-0.13013066666666664
445,51.532352,-0.11327866666666668,3.3314272965207428,3,0.003896103896103898,3,0,439.0,http://maps.google.com/maps?z=12&t=m&q=loc:51.532352+-0.11327866666666668
282,51.502463,-0.14970433333333333,3.3246939138617746,3,0.01038961038961039,3,0,440.0,http://maps.google.com/maps?z=12&t=m&q=loc:51.502463+-0.14970433333333333
563,51.518078,0.013262333333333334,3.3234583668494677,3,0.0051948051948051965,3,0,441.0,http://maps.google.com/maps?z=12&t=m&q=loc:51.518078+0.013262333333333334
208,51.50790333333333,-0.203056,3.3222192947339195,3,0.012987012987012988,3,0,442.0,http://maps.google.com/maps?z=12&t=m&q=loc:51.50790333333333+-0.203056
411,51.510259,-0.08983533333333334,3.3201462861110542,3,0.005194805194805194,3,0,443.0,http://maps.google.com/maps?z=12&t=m&q=loc:51.510259+-0.08983533333333334
374,51.51688133333334,-0.12687966666666664,3.317854489331469,3,0.006493506493506492,3,0,444.0,http://maps.google.com/maps?z=12&t=m&q=loc:51.51688133333334+-0.12687966666666664
464,51.51200033333333,-0.10225366666666667,3.307067950661298,3,0.0025974025974025965,3,0,445.0,http://maps.google.com/maps?z=12&t=m&q=loc:51.51200033333333+-0.10225366666666667
344,51.54655433333334,-0.08382533333333332,3.304490527773488,3,0.006493506493506494,3,0,446.0,http://maps.google.com/maps?z=12&t=m&q=loc:51.54655433333334+-0.08382533333333332
246,51.485086333333335,-0.11078766666666667,3.299942900022767,3,0.011688311688311689,3,0,447.0,http://maps.google.com/maps?z=12&t=m&q=loc:51.485086333333335+-0.11078766666666667
292,51.49261633333333,-0.2005853333333333,3.2922560713564764,3,0.006493506493506492,3,0,448.0,http://maps.google.com/maps?z=12&t=m&q=loc:51.49261633333333+-0.2005853333333333
422,51.54969133333333,-0.07534766666666666,3.292256071356476,3,0.0025974025974025965,3,0,449.0,http://maps.google.com/maps?z=12&t=m&q=loc:51.54969133333333+-0.07534766666666666
202,51.48136475,-0.0109065,3.286905352972375,4,-0.023376623376623384,4,0,450.5,http://maps.google.com/maps?z=12&t=m&q=loc:51.48136475+-0.0109065
194,51.484316666666665,-0.12650466666666668,3.286905352972375,3,0.015584415584415584,3,0,450.5,http://maps.google.com/maps?z=12&t=m&q=loc:51.484316666666665+-0.12650466666666668
295,51.482581333333336,-0.17121666666666666,3.276461804173244,3,0.0051948051948051965,3,0,452.0,http://maps.google.com/maps?z=12&t=m&q=loc:51.482581333333336+-0.17121666666666666
356,51.488746,-0.057603999999999995,3.2610248339923977,3,0.0038961038961038952,3,0,453.5,http://maps.google.com/maps?z=12&t=m&q=loc:51.488746+-0.057603999999999995
339,51.517226666666666,-0.088823,3.2610248339923977,3,0.0038961038961038952,3,0,453.5,http://maps.google.com/maps?z=12&t=m&q=loc:51.517226666666666+-0.088823
340,51.516286,-0.08372266666666667,3.2533380053261065,3,0.0025974025974025965,3,0,455.5,http://maps.google.com/maps?z=12&t=m&q=loc:51.516286+-0.08372266666666667
332,51.44565166666666,-0.19835633333333336,3.2533380053261065,3,0.0038961038961038952,3,0,455.5,http://maps.google.com/maps?z=12&t=m&q=loc:51.44565166666666+-0.19835633333333336
166,51.500150999999995,-0.15342266666666668,3.24551266781415,3,0.012987012987012988,3,0,457.0,http://maps.google.com/maps?z=12&t=m&q=loc:51.500150999999995+-0.15342266666666668
216,51.51331266666667,-0.15930999999999998,3.2455126678141495,3,0.00909090909090909,3,0,458.0,http://maps.google.com/maps?z=12&t=m&q=loc:51.51331266666667+-0.15930999999999998
382,51.56180733333333,-0.07387433333333333,3.2442771208018426,3,0.0012987012987012998,3,0,459.0,http://maps.google.com/maps?z=12&t=m&q=loc:51.56180733333333+-0.07387433333333333
391,51.46975633333333,-0.09618433333333333,3.2375437381428744,3,0.0012987012987012974,3,0,460.0,http://maps.google.com/maps?z=12&t=m&q=loc:51.46975633333333+-0.09618433333333333
30,51.56068233333334,-0.04895666666666667,3.2253092817258633,5,-0.02987012987012987,2,1,461.5,http://maps.google.com/maps?z=12&t=m&q=loc:51.56068233333334+-0.04895666666666667
307,51.50635833333333,-0.23299499999999998,3.2253092817258633,3,0.0038961038961038952,3,0,461.5,http://maps.google.com/maps?z=12&t=m&q=loc:51.50635833333333+-0.23299499999999998
538,51.504843666666666,-0.08425066666666665,3.225309281725863,3,0.0012987012987012974,3,0,463.5,http://maps.google.com/maps?z=12&t=m&q=loc:51.504843666666666+-0.08425066666666665
425,51.51084900000001,-0.05392666666666667,3.225309281725863,3,-1.4418480839287747e-19,3,0,463.5,http://maps.google.com/maps?z=12&t=m&q=loc:51.51084900000001+-0.05392666666666667
251,51.46593433333334,-0.21406999999999998,3.217483944213906,3,0.007792207792207792,3,0,465.0,http://maps.google.com/maps?z=12&t=m&q=loc:51.46593433333334+-0.21406999999999998
359,51.47419933333333,-0.021270666666666663,3.212720154417843,3,0.0012987012987012985,3,0,466.0,http://maps.google.com/maps?z=12&t=m&q=loc:51.47419933333333+-0.021270666666666663
260,51.524136666666664,-0.20164933333333335,3.2030328870147105,3,0.0038961038961038952,3,0,467.0,http://maps.google.com/maps?z=12&t=m&q=loc:51.524136666666664+-0.20164933333333335
62,51.5508335,-0.110059,3.1997551772534747,4,-0.005194805194805192,4,0,468.0,http://maps.google.com/maps?z=12&t=m&q=loc:51.5508335+-0.110059
234,51.52703233333333,-0.02551666666666667,3.197280558125619,3,0.006493506493506494,3,0,469.0,http://maps.google.com/maps?z=12&t=m&q=loc:51.52703233333333+-0.02551666666666667
440,51.514161,-0.08395633333333334,3.196728722623287,3,-0.0012987012987012996,3,0,470.0,http://maps.google.com/maps?z=12&t=m&q=loc:51.514161+-0.08395633333333334
342,51.522935999999994,-0.19492266666666666,3.1953460583484197,3,-1.2976632755358973e-18,3,0,471.0,http://maps.google.com/maps?z=12&t=m&q=loc:51.522935999999994+-0.19492266666666666
367,51.47211866666667,-0.165395,3.1931245983544616,3,1.0092936587501423e-18,3,0,472.0,http://maps.google.com/maps?z=12&t=m&q=loc:51.47211866666667+-0.165395
386,51.47959933333333,-0.12851466666666667,3.171726453653231,3,-0.0012987012987013009,3,0,473.0,http://maps.google.com/maps?z=12&t=m&q=loc:51.47959933333333+-0.12851466666666667
298,51.509116,-0.13239599999999999,3.165244326125311,3,0.0012987012987012985,3,0,474.0,http://maps.google.com/maps?z=12&t=m&q=loc:51.509116+-0.13239599999999999
134,51.49404525,-0.094019,3.1583624920952498,4,-0.01948051948051948,4,0,475.0,http://maps.google.com/maps?z=12&t=m&q=loc:51.49404525+-0.094019
376,51.48321833333333,-0.21646366666666664,3.1583624920952493,3,-0.0012987012987013009,3,0,476.0,http://maps.google.com/maps?z=12&t=m&q=loc:51.48321833333333+-0.21646366666666664
221,51.543861,-0.117609,3.153814864344529,3,0.0038961038961038952,3,0,477.0,http://maps.google.com/maps?z=12&t=m&q=loc:51.543861+-0.117609
354,51.473531666666666,-0.133371,3.1486026548060937,3,-0.0012987012987012996,3,0,478.0,http://maps.google.com/maps?z=12&t=m&q=loc:51.473531666666666+-0.133371
512,51.47488466666667,-0.02636833333333333,3.146128035678238,3,0.003896103896103897,3,0,479.0,http://maps.google.com/maps?z=12&t=m&q=loc:51.47488466666667+-0.02636833333333333
204,51.436522,-0.15824233333333335,3.133538908370218,3,0.006493506493506492,3,0,480.5,http://maps.google.com/maps?z=12&t=m&q=loc:51.436522+-0.15824233333333335
184,51.49119099999999,-0.22388866666666665,3.133538908370218,3,0.006493506493506492,3,0,480.5,http://maps.google.com/maps?z=12&t=m&q=loc:51.49119099999999+-0.22388866666666665
328,51.452954,-0.10446433333333333,3.1283992687178066,3,-0.0012987012987012996,3,0,482.5,http://maps.google.com/maps?z=12&t=m&q=loc:51.452954+-0.10446433333333333
49,51.463132333333334,-0.11479166666666667,3.1283992687178066,5,-0.03636363636363636,2,1,482.5,http://maps.google.com/maps?z=12&t=m&q=loc:51.463132333333334+-0.11479166666666667
34,51.5505,-0.075213,3.1205739312058496,4,-0.01428571428571429,4,0,484.0,http://maps.google.com/maps?z=12&t=m&q=loc:51.5505+-0.075213
361,51.50317533333333,-0.150267,3.090610707828407,3,-0.003896103896103898,3,0,485.0,http://maps.google.com/maps?z=12&t=m&q=loc:51.50317533333333+-0.150267
111,51.50271833333333,-0.22496933333333335,3.079181246047625,3,0.00909090909090909,3,0,486.5,http://maps.google.com/maps?z=12&t=m&q=loc:51.50271833333333+-0.22496933333333335
415,51.51085866666667,-0.13381433333333334,3.079181246047625,3,-0.005194805194805195,3,0,486.5,http://maps.google.com/maps?z=12&t=m&q=loc:51.51085866666667+-0.13381433333333334
110,51.485571666666665,-0.20270666666666667,3.074816440645175,3,0.00909090909090909,3,0,488.0,http://maps.google.com/maps?z=12&t=m&q=loc:51.485571666666665+-0.20270666666666667
268,51.524722999999994,-0.07178766666666667,3.0704073217401193,3,-0.0025974025974025983,3,0,489.0,http://maps.google.com/maps?z=12&t=m&q=loc:51.524722999999994+-0.07178766666666667
352,51.465580666666675,-0.103029,3.0584260244570056,3,-0.005194805194805195,3,0,490.0,http://maps.google.com/maps?z=12&t=m&q=loc:51.465580666666675+-0.103029
189,51.52813833333334,-0.019480666666666667,3.058426024457005,3,0.003896103896103896,3,0,491.0,http://maps.google.com/maps?z=12&t=m&q=loc:51.52813833333334+-0.019480666666666667
228,51.51703333333334,-0.22735266666666668,3.04336227802113,3,-0.0012987012987012996,3,0,492.0,http://maps.google.com/maps?z=12&t=m&q=loc:51.51703333333334+-0.22735266666666668
279,51.533058000000004,-0.19235966666666668,3.0334237554869494,3,-0.0025974025974025974,3,0,493.0,http://maps.google.com/maps?z=12&t=m&q=loc:51.533058000000004+-0.19235966666666668
461,51.516568,-0.205792,3.023663918197794,3,-0.006493506493506495,3,0,494.0,http://maps.google.com/maps?z=12&t=m&q=loc:51.516568+-0.205792
103,51.51430033333333,-0.149335,3.011147360775797,3,0.0051948051948051965,3,0,495.0,http://maps.google.com/maps?z=12&t=m&q=loc:51.51430033333333+-0.149335
265,51.524263,-0.09574533333333334,3.008600171761918,3,-0.003896103896103897,3,0,496.0,http://maps.google.com/maps?z=12&t=m&q=loc:51.524263+-0.09574533333333334
288,51.45097833333333,-0.14777200000000001,2.9956351945975497,3,-0.005194805194805195,3,0,497.5,http://maps.google.com/maps?z=12&t=m&q=loc:51.45097833333333+-0.14777200000000001
222,51.53725933333334,-0.08683133333333333,2.9956351945975497,3,-0.0025974025974025983,3,0,497.5,http://maps.google.com/maps?z=12&t=m&q=loc:51.53725933333334+-0.08683133333333333
178,51.55087266666667,-0.18400733333333333,2.9947569445876283,3,-1.4418480839287747e-19,3,0,499.0,http://maps.google.com/maps?z=12&t=m&q=loc:51.55087266666667+-0.18400733333333333
360,51.571134,-0.17348466666666665,2.982271233039569,3,-0.007792207792207794,3,0,500.5,http://maps.google.com/maps?z=12&t=m&q=loc:51.571134+-0.17348466666666665
351,51.51413666666667,-0.053354000000000006,2.982271233039569,3,-0.007792207792207794,3,0,500.5,http://maps.google.com/maps?z=12&t=m&q=loc:51.51413666666667+-0.053354000000000006
278,51.46553,-0.036227333333333334,2.9822712330395684,3,-0.005194805194805195,3,0,502.0,http://maps.google.com/maps?z=12&t=m&q=loc:51.46553+-0.036227333333333334
225,51.537449333333335,-0.10292466666666666,2.9777236052888476,3,-0.0025974025974025965,3,0,503.0,http://maps.google.com/maps?z=12&t=m&q=loc:51.537449333333335+-0.10292466666666666
104,51.549618333333335,-0.14086266666666666,2.9656719712201065,3,0.003896103896103896,3,0,504.5,http://maps.google.com/maps?z=12&t=m&q=loc:51.549618333333335+-0.14086266666666666
17,51.507157,-0.13245566666666667,2.9656719712201065,3,0.011688311688311689,3,0,504.5,http://maps.google.com/maps?z=12&t=m&q=loc:51.507157+-0.13245566666666667
177,51.563914000000004,-0.10567166666666666,2.9523080096621253,3,-0.0025974025974025983,3,0,506.0,http://maps.google.com/maps?z=12&t=m&q=loc:51.563914000000004+-0.10567166666666666
341,51.51922833333333,-0.08773133333333333,2.936513742478893,3,-0.009090909090909092,3,0,507.0,http://maps.google.com/maps?z=12&t=m&q=loc:51.51922833333333+-0.08773133333333333
141,51.56507200000001,-0.10384333333333333,2.9242792860618816,3,0.0012987012987012994,3,0,508.0,http://maps.google.com/maps?z=12&t=m&q=loc:51.56507200000001+-0.10384333333333333
254,51.504930333333334,-0.21513533333333335,2.9084850188786495,3,-0.007792207792207794,3,0,509.5,http://maps.google.com/maps?z=12&t=m&q=loc:51.504930333333334+-0.21513533333333335
149,51.473366666666664,-0.16083366666666668,2.9084850188786495,3,-1.4418480839287747e-19,3,0,509.5,http://maps.google.com/maps?z=12&t=m&q=loc:51.473366666666664+-0.16083366666666668
276,51.490533,-0.09272566666666666,2.8987251815894934,3,-0.009090909090909092,3,0,511.0,http://maps.google.com/maps?z=12&t=m&q=loc:51.490533+-0.09272566666666666
494,51.514634666666666,-0.061692000000000004,2.862131379313037,3,-0.006493506493506495,3,0,512.0,http://maps.google.com/maps?z=12&t=m&q=loc:51.514634666666666+-0.061692000000000004
213,51.51208233333333,-0.131603,2.8573324964312685,3,-0.006493506493506494,3,0,513.0,http://maps.google.com/maps?z=12&t=m&q=loc:51.51208233333333+-0.131603
125,51.47843666666666,-0.11209666666666666,2.846337112129805,3,-0.0025974025974025974,3,0,514.0,http://maps.google.com/maps?z=12&t=m&q=loc:51.47843666666666+-0.11209666666666666
8,51.498263,-0.20132366666666668,2.835056101720116,3,0.0038961038961038952,3,0,515.5,http://maps.google.com/maps?z=12&t=m&q=loc:51.498263+-0.20132366666666668
40,51.52639333333334,-0.0647,2.835056101720116,3,0.0038961038961038952,3,0,515.5,http://maps.google.com/maps?z=12&t=m&q=loc:51.52639333333334+-0.0647
249,51.435159666666664,-0.196371,2.829303772831025,3,-0.009090909090909092,3,0,517.0,http://maps.google.com/maps?z=12&t=m&q=loc:51.435159666666664+-0.196371
21,51.514329000000004,-0.1244845,2.8195439355418688,4,-0.03116883116883117,4,0,518.0,http://maps.google.com/maps?z=12&t=m&q=loc:51.514329000000004+-0.1244845
358,51.49115366666666,-0.10326366666666668,2.8115750058705933,3,-0.01298701298701299,3,0,519.0,http://maps.google.com/maps?z=12&t=m&q=loc:51.49115366666666+-0.10326366666666668
336,51.51373,-0.09247766666666668,2.8061799739838875,3,-0.01298701298701299,3,0,520.0,http://maps.google.com/maps?z=12&t=m&q=loc:51.51373+-0.09247766666666668
315,51.454044,-0.14640066666666665,2.8041394323353503,3,-0.011688311688311689,3,0,521.0,http://maps.google.com/maps?z=12&t=m&q=loc:51.454044+-0.14640066666666665
123,51.437958,-0.12705033333333335,2.7972675408307164,3,-0.0038961038961038952,3,0,522.0,http://maps.google.com/maps?z=12&t=m&q=loc:51.437958+-0.12705033333333335
294,51.50076033333334,-0.19339766666666666,2.7895807121644256,3,-0.01298701298701299,3,0,523.0,http://maps.google.com/maps?z=12&t=m&q=loc:51.50076033333334+-0.19339766666666666
197,51.486005,-0.09445133333333333,2.778151250383644,3,-0.009090909090909092,3,0,524.0,http://maps.google.com/maps?z=12&t=m&q=loc:51.486005+-0.09445133333333333
333,51.47743066666667,-0.14862033333333335,2.7693773260761385,3,-0.01298701298701299,3,0,525.0,http://maps.google.com/maps?z=12&t=m&q=loc:51.47743066666667+-0.14862033333333335
72,51.52496675,-0.11071275,2.7604224834232123,4,-0.025974025974025976,4,0,526.0,http://maps.google.com/maps?z=12&t=m&q=loc:51.52496675+-0.11071275
105,51.54660166666667,-0.144035,2.760422483423212,3,-0.006493506493506494,3,0,527.0,http://maps.google.com/maps?z=12&t=m&q=loc:51.54660166666667+-0.144035
147,51.40783,-0.28454833333333335,2.7535830588929064,3,-0.003896103896103896,3,0,528.0,http://maps.google.com/maps?z=12&t=m&q=loc:51.40783+-0.28454833333333335
23,51.530025333333334,-0.124043,2.7371926427047373,3,-1.4418480839287747e-19,3,0,529.0,http://maps.google.com/maps?z=12&t=m&q=loc:51.530025333333334+-0.124043
271,51.482716,-0.11350400000000001,2.732393759822968,3,-0.014285714285714287,3,0,530.0,http://maps.google.com/maps?z=12&t=m&q=loc:51.482716+-0.11350400000000001
77,51.488146666666665,-0.31330600000000003,2.7160033436347994,3,-0.0012987012987012996,3,0,531.0,http://maps.google.com/maps?z=12&t=m&q=loc:51.488146666666665+-0.31330600000000003
135,51.557723333333335,-0.11285266666666666,2.710117365111816,3,-0.006493506493506495,3,0,532.0,http://maps.google.com/maps?z=12&t=m&q=loc:51.557723333333335+-0.11285266666666666
335,51.527723,-0.21587800000000001,2.709269960975831,3,-0.015584415584415584,3,0,533.0,http://maps.google.com/maps?z=12&t=m&q=loc:51.527723+-0.21587800000000001
95,51.50397966666666,-0.152595,2.7075701760979367,3,-0.007792207792207794,3,0,534.0,http://maps.google.com/maps?z=12&t=m&q=loc:51.50397966666666+-0.152595
55,51.45334533333334,-0.07749266666666667,2.7024305364455254,3,-0.0012987012987012987,3,0,535.5,http://maps.google.com/maps?z=12&t=m&q=loc:51.45334533333334+-0.07749266666666667
115,51.547136333333334,-0.07562266666666667,2.7024305364455254,3,-0.005194805194805195,3,0,535.5,http://maps.google.com/maps?z=12&t=m&q=loc:51.547136333333334+-0.07562266666666667
233,51.523696,-0.06404666666666667,2.6812412373755876,3,-0.014285714285714287,3,0,537.0,http://maps.google.com/maps?z=12&t=m&q=loc:51.523696+-0.06404666666666667
93,51.518159,-0.08830466666666666,2.681241237375587,3,-0.009090909090909092,3,0,538.0,http://maps.google.com/maps?z=12&t=m&q=loc:51.518159+-0.08830466666666666
140,51.552571,-0.112346,2.6646419755561253,3,-0.01038961038961039,3,0,539.0,http://maps.google.com/maps?z=12&t=m&q=loc:51.552571+-0.112346
218,51.56557866666666,-0.134749,2.653212513775344,3,-0.01038961038961039,3,0,540.0,http://maps.google.com/maps?z=12&t=m&q=loc:51.56557866666666+-0.134749
231,51.528477,-0.08868933333333334,2.6532125137753435,3,-0.01298701298701299,3,0,541.0,http://maps.google.com/maps?z=12&t=m&q=loc:51.528477+-0.08868933333333334
15,51.51635166666667,-0.14257333333333333,2.643452676486188,3,-0.003896103896103897,3,0,542.0,http://maps.google.com/maps?z=12&t=m&q=loc:51.51635166666667+-0.14257333333333333
113,51.49961066666666,-0.22211533333333333,2.635483746814912,3,-0.009090909090909092,3,0,543.5,http://maps.google.com/maps?z=12&t=m&q=loc:51.49961066666666+-0.22211533333333333
473,51.42593633333333,-0.05092,2.635483746814912,3,-0.014285714285714287,3,0,543.5,http://maps.google.com/maps?z=12&t=m&q=loc:51.42593633333333+-0.05092
450,51.48288066666667,-0.0028823333333333335,2.6211762817750355,3,-0.0051948051948051965,3,0,545.0,http://maps.google.com/maps?z=12&t=m&q=loc:51.48288066666667+-0.0028823333333333335
37,51.511798,-0.028184666666666667,2.591064607026499,3,-0.007792207792207796,3,0,546.5,http://maps.google.com/maps?z=12&t=m&q=loc:51.511798+-0.028184666666666667
220,51.522087,-0.138689,2.591064607026499,3,-0.015584415584415584,3,0,546.5,http://maps.google.com/maps?z=12&t=m&q=loc:51.522087+-0.138689
9,51.49051666666667,-0.18611999999999998,2.5774917998372255,5,-0.05454545454545455,2,1,548.0,http://maps.google.com/maps?z=12&t=m&q=loc:51.49051666666667+-0.18611999999999998
287,51.42772133333333,-0.22356433333333334,2.577491799837225,3,-0.018181818181818184,3,0,549.0,http://maps.google.com/maps?z=12&t=m&q=loc:51.42772133333333+-0.22356433333333334
1,51.49452,-0.158349,2.561101383649056,3,-0.009090909090909094,3,0,550.0,http://maps.google.com/maps?z=12&t=m&q=loc:51.49452+-0.158349
116,51.51487,-0.06869666666666667,2.5563025007672873,3,-0.01298701298701299,3,0,552.0,http://maps.google.com/maps?z=12&t=m&q=loc:51.51487+-0.06869666666666667
212,51.51147733333334,-0.082964,2.5563025007672873,3,-0.018181818181818184,3,0,552.0,http://maps.google.com/maps?z=12&t=m&q=loc:51.51147733333334+-0.082964
237,51.47953866666666,-0.111667,2.5563025007672873,3,-0.018181818181818184,3,0,552.0,http://maps.google.com/maps?z=12&t=m&q=loc:51.47953866666666+-0.111667
64,51.536303000000004,-0.10177166666666666,2.546542663478131,3,-0.009090909090909092,3,0,554.0,http://maps.google.com/maps?z=12&t=m&q=loc:51.536303000000004+-0.10177166666666666
238,51.464565,-0.090354,2.5440680443502757,3,-0.018181818181818184,3,0,555.0,http://maps.google.com/maps?z=12&t=m&q=loc:51.464565+-0.090354
207,51.52666133333333,-0.292373,2.5051499783199063,3,-0.01038961038961039,3,0,556.0,http://maps.google.com/maps?z=12&t=m&q=loc:51.52666133333333+-0.292373
164,51.514883999999995,-0.16357966666666668,2.482873583608754,3,-0.011688311688311689,3,0,557.0,http://maps.google.com/maps?z=12&t=m&q=loc:51.514883999999995+-0.16357966666666668
33,51.55449325,-0.068413,2.4771212547196626,4,-0.03896103896103896,4,0,558.0,http://maps.google.com/maps?z=12&t=m&q=loc:51.55449325+-0.068413
88,51.481575,-0.181674,2.4683473304121573,3,-0.015584415584415588,3,0,559.0,http://maps.google.com/maps?z=12&t=m&q=loc:51.481575+-0.181674
29,51.478119,-0.18933624999999998,2.4471580313422194,4,-0.03246753246753247,4,0,560.0,http://maps.google.com/maps?z=12&t=m&q=loc:51.478119+-0.18933624999999998
133,51.498997,-0.09707899999999998,2.4313637641589874,3,-0.01298701298701299,3,0,561.0,http://maps.google.com/maps?z=12&t=m&q=loc:51.498997+-0.09707899999999998
173,51.53275366666666,-0.12710366666666664,2.4216039268698313,3,-0.019480519480519484,3,0,562.0,http://maps.google.com/maps?z=12&t=m&q=loc:51.53275366666666+-0.12710366666666664
65,51.522447666666665,-0.10321333333333332,2.40823996531185,3,-0.01298701298701299,3,0,563.0,http://maps.google.com/maps?z=12&t=m&q=loc:51.522447666666665+-0.10321333333333332
2,51.490292333333336,-0.16212066666666666,2.4014005407815437,3,-0.014285714285714287,3,0,564.0,http://maps.google.com/maps?z=12&t=m&q=loc:51.490292333333336+-0.16212066666666666
172,51.52632233333333,-0.11299933333333334,2.3802112417116064,3,-0.019480519480519484,3,0,565.0,http://maps.google.com/maps?z=12&t=m&q=loc:51.52632233333333+-0.11299933333333334
183,51.48641733333333,-0.198286,2.380211241711606,3,-0.020779220779220786,3,0,566.0,http://maps.google.com/maps?z=12&t=m&q=loc:51.48641733333333+-0.198286
90,51.51163433333334,-0.09078766666666667,2.3636119798921444,3,-0.019480519480519484,3,0,567.0,http://maps.google.com/maps?z=12&t=m&q=loc:51.51163433333334+-0.09078766666666667
3,51.518171,-0.21063,2.350248018334163,3,-0.015584415584415588,3,0,568.0,http://maps.google.com/maps?z=12&t=m&q=loc:51.518171+-0.21063
150,51.458332000000006,-0.21800966666666666,2.276461804173244,3,-0.02207792207792208,3,0,569.0,http://maps.google.com/maps?z=12&t=m&q=loc:51.458332000000006+-0.21800966666666666
82,51.454074,-0.19245900000000002,2.255272505103306,3,-0.01688311688311689,3,0,570.0,http://maps.google.com/maps?z=12&t=m&q=loc:51.454074+-0.19245900000000002
169,51.53556066666667,-0.13962966666666668,2.24551266781415,3,-0.02207792207792208,3,0,571.0,http://maps.google.com/maps?z=12&t=m&q=loc:51.53556066666667+-0.13962966666666668
84,51.507192,-0.2712603333333333,2.2455126678141495,3,-0.01038961038961039,3,0,572.0,http://maps.google.com/maps?z=12&t=m&q=loc:51.507192+-0.2712603333333333
4,51.495332,-0.17771699999999999,2.1760912590556813,3,-0.018181818181818184,3,0,573.0,http://maps.google.com/maps?z=12&t=m&q=loc:51.495332+-0.17771699999999999
27,51.547767,-0.130574,2.1583624920952493,3,-0.015584415584415588,3,0,574.0,http://maps.google.com/maps?z=12&t=m&q=loc:51.547767+-0.130574
153,51.50522533333333,-0.2790063333333333,2.12057393120585,3,-0.023376623376623377,3,0,575.0,http://maps.google.com/maps?z=12&t=m&q=loc:51.50522533333333+-0.2790063333333333
76,51.44535333333334,-0.329995,2.113943352306837,3,-0.02077922077922078,3,0,576.0,http://maps.google.com/maps?z=12&t=m&q=loc:51.44535333333334+-0.329995
63,51.53863033333334,-0.09258899999999999,2.079181246047625,3,-0.01428571428571429,3,0,577.0,http://maps.google.com/maps?z=12&t=m&q=loc:51.53863033333334+-0.09258899999999999
81,51.447596,-0.14882733333333334,2.008600171761918,3,-0.018181818181818188,3,0,578.0,http://maps.google.com/maps?z=12&t=m&q=loc:51.447596+-0.14882733333333334
168,51.52257766666667,-0.13751633333333335,1.9822712330395684,3,-0.028571428571428567,3,0,579.0,http://maps.google.com/maps?z=12&t=m&q=loc:51.52257766666667+-0.13751633333333335
144,51.42293333333333,-0.063274,1.9084850188786495,3,-0.027272727272727268,3,0,580.0,http://maps.google.com/maps?z=12&t=m&q=loc:51.42293333333333+-0.063274
176,51.533166333333334,-0.10613166666666667,1.9030899869919438,3,-0.02987012987012987,3,0,581.0,http://maps.google.com/maps?z=12&t=m&q=loc:51.533166333333334+-0.10613166666666667
5,51.49577933333334,-0.17179233333333332,1.8061799739838873,3,-0.028571428571428567,3,0,582.0,http://maps.google.com/maps?z=12&t=m&q=loc:51.49577933333334+-0.17179233333333332
32,51.53782733333333,-0.07027233333333333,1.7323937598229684,3,-0.028571428571428567,3,0,583.0,http://maps.google.com/maps?z=12&t=m&q=loc:51.53782733333333+-0.07027233333333333
